true_hr,predicted_hr,reward
99.5785,98.289825,-1.2886734008789062
99.542076,97.22417,-2.3179092407226562
100.0,110.373886,-10.373886108398438
100.0,104.109924,-4.10992431640625
100.0,100.89749,-0.897491455078125
100.0,102.97615,-2.9761505126953125
98.06753,103.29872,-5.231193542480469
100.0,99.21996,-0.7800369262695312
97.65621,97.69113,-0.03491973876953125
100.0,109.24126,-9.241256713867188
99.10385,99.90314,-0.799285888671875
100.0,107.526054,-7.526054382324219
100.0,103.28406,-3.2840576171875
100.0,100.38696,-0.386962890625
93.010765,93.23271,-0.22194671630859375
100.0,101.26463,-1.2646331787109375
100.0,99.65111,-0.3488922119140625
100.0,100.342,-0.34200286865234375
96.30764,94.09497,-2.2126693725585938
97.27192,94.09627,-3.1756515502929688
100.0,100.31572,-0.3157196044921875
96.60981,98.30597,-1.6961593627929688
97.85984,100.78089,-2.921051025390625
98.55292,99.94797,-1.395050048828125
93.24556,87.84648,-5.399078369140625
100.0,102.31246,-2.3124618530273438
95.021904,94.391426,-0.6304779052734375
94.92112,93.481155,-1.4399642944335938
94.07323,92.37756,-1.6956634521484375
91.87674,88.7787,-3.0980377197265625
100.0,97.36014,-2.639862060546875
92.53168,88.71658,-3.815093994140625
100.0,97.39513,-2.6048736572265625
96.25168,96.40477,-0.1530914306640625
94.88183,91.19683,-3.68499755859375
99.25752,95.28452,-3.9729995727539062
95.028145,91.70953,-3.3186111450195312
92.824196,92.53113,-0.29306793212890625
100.0,97.20762,-2.7923812866210938
100.0,102.41618,-2.4161834716796875
100.0,96.82919,-3.170806884765625
100.0,100.831985,-0.8319854736328125
100.0,110.19298,-10.192977905273438
99.497665,97.27747,-2.2201919555664062
100.0,96.33574,-3.6642608642578125
100.0,97.67638,-2.3236236572265625
100.0,97.93628,-2.063720703125
99.953606,99.46805,-0.48555755615234375
97.284004,97.56653,-0.28252410888671875
100.0,98.52767,-1.4723281860351562
100.0,100.93052,-0.9305191040039062
98.32101,97.62479,-0.6962203979492188
100.0,99.11476,-0.8852386474609375
92.6261,94.79906,-2.1729583740234375
100.0,99.32713,-0.6728668212890625
100.0,98.215195,-1.7848052978515625
94.11763,92.55371,-1.5639190673828125
96.715935,95.34535,-1.3705825805664062
100.0,98.092674,-1.9073257446289062
99.7727,94.482895,-5.289802551269531
96.32983,95.21693,-1.1128997802734375
99.43964,96.40465,-3.0349884033203125
100.0,103.571396,-3.5713958740234375
100.0,102.52344,-2.5234375
95.44394,97.21025,-1.7663116455078125
100.0,104.496124,-4.496124267578125
100.0,103.92819,-3.928192138671875
100.0,99.83618,-0.163818359375
98.903915,94.82571,-4.078208923339844
100.0,101.15367,-1.1536712646484375
100.0,99.28296,-0.717041015625
100.0,98.42746,-1.572540283203125
100.0,97.93994,-2.06005859375
100.0,100.499374,-0.4993743896484375
95.6202,94.75888,-0.8613204956054688
97.80445,97.590805,-0.21364593505859375
93.4537,94.65485,-1.2011489868164062
95.82675,96.19684,-0.370086669921875
100.0,102.592926,-2.592926025390625
100.0,100.27167,-0.27166748046875
99.27748,98.0237,-1.2537841796875
100.0,99.73749,-0.26251220703125
94.48795,94.725174,-0.23722076416015625
100.0,98.47363,-1.5263671875
100.0,102.42374,-2.423736572265625
97.021645,94.750496,-2.271148681640625
100.0,100.16205,-0.16204833984375
97.361916,96.09978,-1.2621383666992188
95.398125,96.0874,-0.6892776489257812
95.880775,98.42857,-2.5477981567382812
100.0,98.41705,-1.58294677734375
98.83766,98.49568,-0.34197998046875
96.69029,97.21105,-0.5207595825195312
93.57995,92.79704,-0.7829055786132812
100.0,101.44355,-1.4435501098632812
100.0,99.21877,-0.7812271118164062
100.0,103.17854,-3.1785430908203125
100.0,101.89937,-1.8993682861328125
96.814384,97.08729,-0.2729034423828125
93.17434,90.83961,-2.3347320556640625
99.38134,97.69937,-1.6819686889648438
99.33909,96.84463,-2.4944610595703125
100.0,101.73363,-1.7336273193359375
100.0,102.0616,-2.0615997314453125
95.16847,95.869156,-0.70068359375
100.0,106.55691,-6.556907653808594
100.0,100.520004,-0.5200042724609375
100.0,104.79736,-4.79736328125
96.72897,97.80939,-1.080413818359375
100.0,100.60121,-0.6012115478515625
100.0,98.89226,-1.1077423095703125
96.397545,96.5161,-0.11855316162109375
97.33937,97.51293,-0.17356109619140625
100.0,101.12103,-1.12103271484375
97.12201,98.85613,-1.7341232299804688
94.081184,92.313644,-1.7675399780273438
96.758446,95.85165,-0.90679931640625
100.0,105.23777,-5.237770080566406
96.849686,98.364914,-1.515228271484375
95.8263,102.91615,-7.089851379394531
100.0,105.85974,-5.8597412109375
96.102,95.05095,-1.0510482788085938
100.0,100.21521,-0.2152099609375
95.54419,96.66089,-1.11669921875
94.84564,95.172585,-0.32694244384765625
92.486786,92.903534,-0.416748046875
96.21222,96.07327,-0.138946533203125
96.63472,97.13307,-0.49835205078125
97.067856,95.79637,-1.271484375
93.7679,94.62114,-0.853240966796875
94.50163,94.574585,-0.0729522705078125
93.664246,95.05879,-1.3945465087890625
96.83567,99.47135,-2.63568115234375
92.749466,92.64285,-0.1066131591796875
95.90505,95.11116,-0.7938919067382812
94.28109,96.1165,-1.8354110717773438
95.89658,95.94055,-0.04396820068359375
96.54183,97.42691,-0.8850784301757812
98.90209,97.0008,-1.9012908935546875
97.22907,97.48474,-0.25566864013671875
98.866394,98.69376,-0.17263031005859375
97.94976,101.50935,-3.5595932006835938
96.66023,98.26495,-1.6047210693359375
91.96267,93.186386,-1.2237167358398438
100.0,93.99043,-6.0095672607421875
99.41423,96.615295,-2.7989349365234375
93.366936,91.7594,-1.6075363159179688
100.0,98.844696,-1.155303955078125
100.0,98.335266,-1.66473388671875
95.95982,100.089966,-4.1301422119140625
97.0603,97.07555,-0.0152435302734375
100.0,100.52285,-0.5228500366210938
93.14547,91.92634,-1.2191314697265625
93.49779,93.67753,-0.17974090576171875
94.14812,96.8266,-2.6784820556640625
93.64459,94.213936,-0.5693435668945312
93.24569,94.05017,-0.8044815063476562
95.68746,96.245384,-0.55792236328125
94.23662,95.96233,-1.7257156372070312
100.0,100.60736,-0.60736083984375
97.77761,98.34685,-0.5692367553710938
95.385185,95.104416,-0.28076934814453125
93.38556,94.73773,-1.3521728515625
93.95342,92.227875,-1.7255477905273438
93.03633,87.146996,-5.889335632324219
93.27749,91.01224,-2.2652511596679688
100.0,101.11154,-1.111541748046875
100.0,103.71726,-3.7172622680664062
100.0,100.17225,-0.17224884033203125
100.0,103.39496,-3.39495849609375
100.0,106.27558,-6.275581359863281
100.0,101.70439,-1.7043914794921875
100.0,105.917,-5.916999816894531
100.0,100.08909,-0.08908843994140625
100.0,95.857605,-4.14239501953125
100.0,100.48813,-0.488128662109375
100.0,98.28363,-1.71636962890625
100.0,98.42851,-1.5714874267578125
100.0,102.10965,-2.109649658203125
100.0,96.89917,-3.100830078125
100.0,104.87347,-4.873466491699219
100.0,100.168045,-0.1680450439453125
100.0,101.366684,-1.3666839599609375
100.0,103.203476,-3.2034759521484375
100.0,103.97626,-3.97625732421875
100.0,103.02119,-3.0211868286132812
100.0,102.49248,-2.4924774169921875
100.0,103.334274,-3.3342742919921875
100.0,102.90018,-2.900177001953125
100.0,101.5694,-1.56939697265625
100.0,102.95021,-2.9502105712890625
100.0,97.369705,-2.6302947998046875
100.0,98.98651,-1.01348876953125
100.0,100.8751,-0.8750991821289062
100.0,101.49545,-1.495452880859375
100.0,102.2173,-2.2173004150390625
97.50033,98.95946,-1.4591293334960938
100.0,98.78869,-1.2113113403320312
100.0,96.91136,-3.0886383056640625
100.0,99.361206,-0.6387939453125
100.0,100.615776,-0.6157760620117188
100.0,99.650055,-0.349945068359375
100.0,99.743645,-0.25635528564453125
100.0,100.08075,-0.08074951171875
100.0,100.242294,-0.2422943115234375
100.0,101.404564,-1.4045639038085938
100.0,97.5496,-2.4504013061523438
100.0,97.012024,-2.98797607421875
100.0,94.81438,-5.1856231689453125
93.73319,92.436386,-1.2968063354492188
94.17039,94.699936,-0.5295486450195312
100.0,101.17445,-1.1744537353515625
100.0,100.83502,-0.83502197265625
100.0,102.03435,-2.0343475341796875
98.41444,97.86145,-0.5529861450195312
94.78682,95.85887,-1.072052001953125
100.0,96.892685,-3.1073150634765625
99.101295,99.353226,-0.25193023681640625
91.88967,89.04304,-2.8466339111328125
97.300354,98.50362,-1.2032623291015625
96.289246,96.60012,-0.31087493896484375
98.02736,98.50668,-0.4793243408203125
94.219475,93.4998,-0.7196731567382812
94.258194,94.5354,-0.2772064208984375
94.20475,96.19624,-1.9914932250976562
97.44681,97.03905,-0.4077606201171875
94.91546,93.052185,-1.8632736206054688
100.0,103.99005,-3.99005126953125
99.13959,98.52826,-0.611328125
94.677315,96.29602,-1.6187057495117188
92.92425,95.011505,-2.0872573852539062
93.59092,96.1035,-2.5125808715820312
91.72059,90.566376,-1.1542129516601562
97.63367,99.47213,-1.8384628295898438
90.67121,86.58641,-4.084800720214844
91.27841,92.49806,-1.2196502685546875
89.21897,86.44675,-2.7722244262695312
92.47624,94.31326,-1.8370208740234375
92.09987,91.81655,-0.28331756591796875
93.46578,90.99994,-2.4658432006835938
96.950096,95.61786,-1.3322372436523438
90.67265,89.46013,-1.2125244140625
97.29006,97.23468,-0.05538177490234375
94.54321,94.979744,-0.43653106689453125
90.196495,88.09917,-2.0973281860351562
93.83007,94.879166,-1.0490951538085938
87.027405,83.78366,-3.243743896484375
96.07777,94.82164,-1.2561264038085938
95.94729,95.86221,-0.08507537841796875
90.954605,89.55629,-1.3983154296875
91.074615,89.189644,-1.8849716186523438
91.66619,89.737915,-1.9282760620117188
92.83757,90.36163,-2.4759368896484375
100.0,102.87451,-2.87451171875
100.0,99.65231,-0.347686767578125
100.0,97.03676,-2.9632415771484375
100.0,99.41501,-0.584991455078125
100.0,97.58979,-2.4102096557617188
100.0,98.87759,-1.1224136352539062
100.0,101.06731,-1.0673065185546875
96.71664,95.89763,-0.8190078735351562
95.011955,94.23984,-0.7721176147460938
96.57278,98.95972,-2.3869400024414062
96.371346,95.907616,-0.4637298583984375
100.0,98.367226,-1.6327743530273438
100.0,101.20943,-1.2094268798828125
93.97068,90.99185,-2.9788284301757812
100.0,100.92207,-0.9220733642578125
94.11002,93.56529,-0.5447311401367188
100.0,97.823,-2.177001953125
100.0,99.87308,-0.126922607421875
100.0,96.70595,-3.2940521240234375
100.0,101.72297,-1.7229690551757812
100.0,100.4106,-0.4105987548828125
93.51291,91.734055,-1.7788543701171875
100.0,96.53355,-3.4664535522460938
100.0,96.110825,-3.8891754150390625
99.107254,97.54995,-1.5573043823242188
100.0,103.87659,-3.8765869140625
100.0,102.68117,-2.6811676025390625
98.11469,99.27906,-1.16436767578125
99.704025,93.10243,-6.601593017578125
100.0,100.901,-0.9010009765625
96.27849,98.406654,-2.1281661987304688
92.53086,92.17,-0.36086273193359375
99.19827,99.24956,-0.0512847900390625
99.56849,100.71425,-1.1457595825195312
100.0,100.53288,-0.5328826904296875
100.0,101.877106,-1.877105712890625
92.40121,91.22308,-1.1781234741210938
100.0,94.24043,-5.7595672607421875
100.0,100.69427,-0.6942672729492188
93.612076,95.52809,-1.916015625
100.0,96.18587,-3.8141326904296875
100.0,97.958664,-2.0413360595703125
100.0,103.03708,-3.037078857421875
97.53413,96.72593,-0.808197021484375
94.307625,93.98964,-0.31798553466796875
100.0,98.38418,-1.6158218383789062
98.99958,97.37976,-1.6198196411132812
100.0,98.51524,-1.4847564697265625
100.0,101.552475,-1.5524749755859375
96.07272,96.441216,-0.36849212646484375
95.68392,96.758835,-1.0749130249023438
100.0,102.08834,-2.0883407592773438
94.86853,96.125984,-1.2574539184570312
100.0,99.29772,-0.7022781372070312
93.8961,91.195496,-2.7006072998046875
100.0,100.99062,-0.9906234741210938
100.0,101.006744,-1.006744384765625
95.9744,95.129074,-0.8453292846679688
100.0,98.300644,-1.6993560791015625
98.96884,98.21036,-0.75848388671875
100.0,99.97052,-0.02947998046875
93.6376,93.89148,-0.253875732421875
100.0,100.115265,-0.115264892578125
91.87216,94.43047,-2.5583114624023438
100.0,102.79111,-2.791107177734375
99.71221,100.12959,-0.41738128662109375
100.0,98.22247,-1.77752685546875
92.99135,92.69999,-0.29135894775390625
100.0,96.37314,-3.626861572265625
100.0,98.89877,-1.101226806640625
100.0,102.02498,-2.0249786376953125
92.57648,92.34627,-0.2302093505859375
100.0,99.31386,-0.6861419677734375
92.875885,91.87976,-0.996124267578125
100.0,102.0119,-2.01190185546875
99.75462,98.85511,-0.8995132446289062
100.0,101.224045,-1.2240447998046875
93.940994,95.02644,-1.08544921875
92.33431,95.684616,-3.3503036499023438
100.0,102.45816,-2.458160400390625
100.0,102.2145,-2.2145004272460938
96.954475,98.100815,-1.1463394165039062
94.42793,89.280655,-5.14727783203125
100.0,100.15601,-0.15601348876953125
96.72948,98.97493,-2.245452880859375
100.0,97.41463,-2.5853729248046875
98.88133,98.10823,-0.773101806640625
100.0,100.98656,-0.9865570068359375
97.134445,97.50343,-0.368988037109375
96.66072,93.77344,-2.8872833251953125
97.08918,99.212166,-2.12298583984375
95.92938,98.221405,-2.292022705078125
95.0935,96.28136,-1.1878585815429688
93.77333,92.38986,-1.3834686279296875
96.26306,96.953186,-0.69012451171875
96.21953,96.69725,-0.47772216796875
99.52128,102.64426,-3.1229782104492188
95.63638,97.64751,-2.0111236572265625
98.36748,98.469376,-0.101898193359375
99.535904,97.49574,-2.0401611328125
96.73898,97.85383,-1.1148452758789062
98.412025,98.22889,-0.183135986328125
95.938446,97.3064,-1.367950439453125
94.06183,98.351395,-4.2895660400390625
93.02591,97.86893,-4.843017578125
100.0,100.247345,-0.247344970703125
100.0,101.41304,-1.4130401611328125
99.170074,100.53854,-1.36846923828125
99.82997,101.30302,-1.4730453491210938
100.0,99.00637,-0.9936294555664062
99.97453,97.24118,-2.7333526611328125
94.72358,94.14393,-0.57965087890625
93.92492,93.55092,-0.37400054931640625
100.0,98.604904,-1.3950958251953125
100.0,99.44881,-0.5511932373046875
100.0,99.995895,-0.0041046142578125
94.88212,95.638596,-0.7564773559570312
95.22926,94.059906,-1.1693572998046875
97.62413,95.1611,-2.4630279541015625
96.97487,96.5244,-0.450469970703125
97.3516,98.13072,-0.7791213989257812
98.95684,96.44466,-2.5121841430664062
98.9137,96.24107,-2.6726226806640625
97.75602,95.06786,-2.6881561279296875
100.0,98.658745,-1.3412551879882812
91.76619,91.47273,-0.29345703125
95.57021,95.99686,-0.42664337158203125
92.60707,92.826904,-0.2198333740234375
95.4059,98.554535,-3.1486358642578125
95.713875,94.23314,-1.4807357788085938
94.57457,93.747955,-0.8266143798828125
91.40617,91.35701,-0.049163818359375
93.96132,90.60954,-3.351776123046875
91.70694,91.436554,-0.2703857421875
94.597244,92.8385,-1.7587432861328125
90.26398,90.41028,-0.14630126953125
100.0,82.88408,-17.115921020507812
94.33856,95.588066,-1.2495040893554688
96.31466,96.245605,-0.06905364990234375
92.44694,94.15576,-1.7088241577148438
94.99624,92.22751,-2.7687301635742188
95.259384,91.25922,-4.0001678466796875
94.17374,91.87931,-2.2944259643554688
94.200134,95.61362,-1.413482666015625
92.54795,89.5211,-3.0268478393554688
95.020386,95.12056,-0.1001739501953125
93.27932,90.48855,-2.790771484375
92.32065,97.51289,-5.1922454833984375
94.173225,90.97386,-3.1993637084960938
95.455956,91.10396,-4.351997375488281
92.95647,92.35539,-0.60107421875
92.13403,88.41028,-3.7237548828125
91.74782,94.88274,-3.134918212890625
92.32115,88.59042,-3.7307281494140625
88.60685,87.331406,-1.2754440307617188
87.78592,87.5878,-0.1981201171875
89.01294,87.80508,-1.2078628540039062
92.49357,89.88196,-2.6116104125976562
89.82602,89.34578,-0.4802398681640625
91.072365,90.839066,-0.23329925537109375
92.409485,91.12865,-1.2808380126953125
89.63873,89.35634,-0.2823944091796875
87.02183,86.5309,-0.49092864990234375
92.651474,91.07498,-1.5764923095703125
84.09396,83.630936,-0.4630279541015625
90.59853,89.57658,-1.0219573974609375
90.06003,90.001945,-0.05808258056640625
91.10936,88.718185,-2.39117431640625
87.66289,85.16809,-2.4947967529296875
91.808655,88.26488,-3.5437774658203125
91.44621,89.57132,-1.8748931884765625
90.20335,87.84198,-2.3613662719726562
93.137474,89.60583,-3.531646728515625
91.13116,90.11879,-1.0123672485351562
94.91648,91.13186,-3.7846221923828125
92.65919,91.3168,-1.3423843383789062
93.242645,90.57479,-2.6678543090820312
91.374954,89.90041,-1.4745407104492188
93.107834,91.02513,-2.08270263671875
92.61457,90.83723,-1.77734375
84.7269,84.308075,-0.4188232421875
90.26305,89.28772,-0.9753265380859375
86.775116,86.986046,-0.21092987060546875
86.64512,86.91025,-0.26512908935546875
87.62827,88.44468,-0.81640625
100.0,100.87699,-0.8769912719726562
97.370445,97.78782,-0.4173736572265625
100.0,96.95024,-3.0497589111328125
96.76803,98.32126,-1.5532302856445312
100.0,95.66687,-4.3331298828125
100.0,99.57767,-0.422332763671875
95.654854,93.09325,-2.5616073608398438
100.0,97.55645,-2.4435501098632812
100.0,99.563965,-0.43603515625
100.0,100.043755,-0.04375457763671875
100.0,104.10736,-4.10736083984375
95.662766,96.54257,-0.8798065185546875
95.29876,94.82948,-0.46927642822265625
100.0,99.698555,-0.30144500732421875
100.0,99.814835,-0.1851654052734375
97.78883,91.62462,-6.164215087890625
100.0,98.32248,-1.677520751953125
100.0,97.49634,-2.503662109375
100.0,98.44901,-1.5509872436523438
97.40444,98.34007,-0.9356307983398438
100.0,100.480576,-0.4805755615234375
100.0,98.43035,-1.5696487426757812
99.14043,98.132095,-1.008331298828125
94.66256,89.63434,-5.028221130371094
97.30681,94.91394,-2.3928680419921875
96.93769,99.56178,-2.6240921020507812
98.3271,96.25723,-2.0698699951171875
100.0,99.84714,-0.152862548828125
93.50449,93.49927,-0.00522613525390625
100.0,100.86135,-0.8613510131835938
97.16664,99.06223,-1.8955917358398438
96.17002,95.965485,-0.20453643798828125
99.853165,99.3298,-0.5233612060546875
95.257095,98.08542,-2.8283233642578125
94.55526,95.733444,-1.1781845092773438
97.237114,98.1342,-0.8970870971679688
93.32603,93.37901,-0.05298614501953125
100.0,98.72313,-1.2768707275390625
96.64365,98.19814,-1.5544967651367188
97.21534,98.88362,-1.6682815551757812
94.003204,95.20578,-1.20257568359375
96.73132,98.36632,-1.6349945068359375
92.512695,89.573586,-2.9391098022460938
100.0,98.92064,-1.0793609619140625
100.0,100.65161,-0.651611328125
95.35886,93.82684,-1.532012939453125
99.04509,99.79427,-0.7491836547851562
91.92548,93.7849,-1.8594131469726562
98.25918,98.670074,-0.41089630126953125
100.0,100.20915,-0.2091522216796875
93.22048,94.19726,-0.976776123046875
92.67545,94.57207,-1.8966140747070312
94.03289,95.42018,-1.3872909545898438
92.14872,85.21878,-6.929939270019531
93.744026,94.97345,-1.2294235229492188
96.70339,95.861404,-0.8419876098632812
93.5478,94.10716,-0.5593643188476562
95.496635,97.00937,-1.5127334594726562
93.91148,93.286804,-0.6246795654296875
93.14784,94.72847,-1.58062744140625
94.8391,99.770935,-4.931831359863281
92.17624,96.67227,-4.49603271484375
97.413956,97.339966,-0.0739898681640625
95.887886,95.483765,-0.40412139892578125
96.05912,95.927444,-0.13167572021484375
100.0,104.66914,-4.6691436767578125
94.11274,95.1991,-1.0863571166992188
99.436806,100.09396,-0.6571578979492188
91.74549,92.66713,-0.9216384887695312
93.3931,93.14847,-0.24462890625
96.03832,94.50558,-1.532745361328125
90.52046,88.7004,-1.8200607299804688
93.00202,95.368996,-2.366973876953125
96.66013,97.31757,-0.657440185546875
97.26873,98.38376,-1.1150283813476562
95.85729,96.52806,-0.6707687377929688
100.0,101.17465,-1.174652099609375
94.97164,95.87161,-0.8999710083007812
95.74968,94.5956,-1.154083251953125
99.7674,96.44139,-3.3260116577148438
98.25312,96.52159,-1.7315292358398438
95.03338,94.01863,-1.0147476196289062
97.38858,94.85094,-2.5376434326171875
98.60969,96.81308,-1.7966079711914062
96.553665,97.99219,-1.4385223388671875
99.52418,95.48145,-4.042724609375
100.0,103.93489,-3.9348907470703125
99.194984,99.34879,-0.15380859375
95.30863,93.721436,-1.5871963500976562
98.11549,96.154144,-1.9613494873046875
100.0,102.8554,-2.8554000854492188
99.591385,97.77456,-1.8168258666992188
100.0,101.9601,-1.9600982666015625
96.90981,96.194595,-0.7152175903320312
100.0,104.09866,-4.098663330078125
98.80303,100.79895,-1.9959182739257812
100.0,105.37384,-5.37384033203125
100.0,101.98041,-1.98040771484375
100.0,104.105415,-4.105415344238281
98.53266,94.938324,-3.5943374633789062
100.0,102.61525,-2.6152496337890625
97.63826,98.90116,-1.2629013061523438
98.735275,100.60564,-1.870361328125
98.08276,97.496155,-0.58660888671875
93.7236,94.9646,-1.240997314453125
93.4865,93.223915,-0.2625885009765625
95.919266,92.853386,-3.0658798217773438
93.293495,96.01013,-2.7166366577148438
100.0,96.91713,-3.0828704833984375
100.0,95.13081,-4.8691864013671875
100.0,99.939224,-0.0607757568359375
100.0,96.75638,-3.243621826171875
100.0,98.44177,-1.5582275390625
95.10741,95.74718,-0.6397705078125
100.0,100.91584,-0.9158401489257812
98.63375,96.70894,-1.9248123168945312
100.0,101.81364,-1.8136367797851562
100.0,98.65933,-1.340667724609375
100.0,97.81495,-2.1850509643554688
100.0,96.643555,-3.3564453125
94.94745,93.6935,-1.2539520263671875
100.0,96.956635,-3.043365478515625
99.34583,96.608,-2.7378311157226562
100.0,99.62321,-0.37679290771484375
100.0,100.89827,-0.8982696533203125
100.0,100.09476,-0.094757080078125
93.38334,91.70462,-1.6787185668945312
92.012146,91.04387,-0.9682769775390625
93.70528,95.25062,-1.5453414916992188
100.0,96.28618,-3.7138214111328125
93.687805,92.203224,-1.4845809936523438
100.0,99.329025,-0.6709747314453125
100.0,99.05904,-0.9409637451171875
97.287,94.966,-2.3209991455078125
100.0,95.14427,-4.8557281494140625
100.0,98.10141,-1.898590087890625
100.0,98.934616,-1.0653839111328125
100.0,99.25775,-0.74224853515625
100.0,98.68598,-1.3140182495117188
96.51809,88.67498,-7.843109130859375
96.20467,98.12605,-1.9213790893554688
100.0,98.36067,-1.6393280029296875
97.442184,94.993225,-2.4489593505859375
100.0,97.87193,-2.1280670166015625
100.0,97.817154,-2.1828460693359375
93.86329,89.848175,-4.015113830566406
96.16882,97.172806,-1.0039825439453125
100.0,99.492035,-0.507965087890625
94.27745,90.513306,-3.7641448974609375
100.0,96.60985,-3.3901519775390625
98.044685,98.271484,-0.22679901123046875
100.0,99.5663,-0.4337005615234375
93.06654,96.663086,-3.5965423583984375
93.38372,91.007835,-2.375885009765625
100.0,100.07609,-0.07608795166015625
100.0,99.9276,-0.0724029541015625
100.0,102.946686,-2.946685791015625
99.30203,99.93056,-0.6285247802734375
100.0,97.24629,-2.7537078857421875
100.0,101.15541,-1.1554107666015625
100.0,100.238365,-0.23836517333984375
100.0,98.69061,-1.30938720703125
100.0,100.15176,-0.15175628662109375
100.0,100.27548,-0.275482177734375
100.0,96.432724,-3.5672760009765625
100.0,97.39798,-2.602020263671875
100.0,100.334854,-0.3348541259765625
100.0,98.51189,-1.4881134033203125
97.35263,99.0697,-1.717071533203125
100.0,98.499695,-1.50030517578125
100.0,100.39484,-0.39483642578125
100.0,98.49154,-1.5084609985351562
100.0,100.15257,-0.1525726318359375
100.0,100.41382,-0.413818359375
100.0,99.765854,-0.2341461181640625
100.0,99.77084,-0.229156494140625
100.0,97.740616,-2.2593841552734375
100.0,99.469315,-0.5306854248046875
100.0,98.66037,-1.339630126953125
98.53467,96.924866,-1.60980224609375
100.0,99.01275,-0.9872512817382812
94.2616,92.67209,-1.589508056640625
94.21719,96.70714,-2.4899444580078125
100.0,98.51004,-1.489959716796875
98.95175,97.1824,-1.76934814453125
94.354355,98.13129,-3.7769317626953125
100.0,97.95003,-2.0499725341796875
97.051994,99.18881,-2.1368179321289062
95.72457,98.54924,-2.8246688842773438
92.66437,96.61248,-3.9481124877929688
98.93299,100.49678,-1.5637893676757812
100.0,98.942215,-1.0577850341796875
100.0,98.07761,-1.922393798828125
95.250786,97.10748,-1.8566970825195312
100.0,98.460785,-1.539215087890625
99.37812,97.37393,-2.0041885375976562
100.0,101.096664,-1.0966644287109375
99.066246,99.61431,-0.548065185546875
97.297134,100.04628,-2.7491455078125
96.85116,94.7637,-2.0874557495117188
93.056496,92.60057,-0.45592498779296875
100.0,95.069954,-4.930046081542969
100.0,99.88458,-0.11541748046875
93.82403,95.94655,-2.1225204467773438
92.77478,95.87417,-3.0993881225585938
94.693016,100.09175,-5.398735046386719
95.4131,93.13622,-2.2768783569335938
93.86207,98.11644,-4.254371643066406
93.4968,94.771996,-1.2751922607421875
100.0,103.360916,-3.3609161376953125
100.0,101.46686,-1.46685791015625
100.0,100.66644,-0.66644287109375
98.06033,95.027374,-3.032958984375
95.711716,96.87453,-1.162811279296875
100.0,97.49988,-2.5001220703125
93.786255,93.36607,-0.4201812744140625
96.52746,97.70224,-1.1747817993164062
93.75082,96.7209,-2.9700851440429688
95.6202,96.28707,-0.6668701171875
95.18835,96.95305,-1.7647018432617188
93.92511,94.82503,-0.8999176025390625
98.417816,98.511826,-0.0940093994140625
92.00046,94.42729,-2.4268341064453125
95.33823,96.27708,-0.9388504028320312
93.920494,97.70238,-3.7818832397460938
100.0,98.19008,-1.8099212646484375
95.404755,99.58221,-4.177452087402344
96.5883,102.797485,-6.2091827392578125
94.23192,98.39234,-4.160423278808594
96.74734,99.73942,-2.9920806884765625
100.0,100.021385,-0.02138519287109375
100.0,100.446014,-0.446014404296875
93.48792,95.23308,-1.7451553344726562
97.87461,99.28685,-1.4122390747070312
100.0,101.99515,-1.995147705078125
96.32893,97.939545,-1.6106109619140625
94.81704,94.05552,-0.7615203857421875
93.07279,94.15429,-1.0814971923828125
99.17501,97.74184,-1.4331741333007812
98.11943,96.16312,-1.9563140869140625
98.94752,96.72226,-2.2252578735351562
99.80841,102.5684,-2.7599868774414062
98.362206,100.08472,-1.7225112915039062
97.05308,99.554085,-2.501007080078125
95.56613,97.280594,-1.7144622802734375
93.3503,96.425705,-3.0754013061523438
97.71132,97.72095,-0.0096282958984375
96.06139,98.91753,-2.8561325073242188
94.68634,96.83818,-2.1518402099609375
94.64196,82.22513,-12.416831970214844
97.14703,100.16164,-3.0146026611328125
98.13897,98.774414,-0.6354446411132812
96.39208,97.54959,-1.1575088500976562
97.80831,97.33166,-0.476654052734375
94.84689,95.79025,-0.943359375
95.48641,99.11336,-3.6269454956054688
95.72311,94.694984,-1.0281219482421875
98.19437,96.600586,-1.593780517578125
94.199455,96.14775,-1.9482955932617188
97.18085,97.05613,-0.12471771240234375
94.730995,95.2961,-0.5651016235351562
94.62755,96.69191,-2.064361572265625
92.30711,96.388504,-4.081390380859375
97.83781,105.42256,-7.584754943847656
93.84424,96.34996,-2.5057220458984375
100.0,104.83586,-4.8358612060546875
93.5315,90.5358,-2.9957046508789062
94.47639,91.19077,-3.285614013671875
95.63617,97.01763,-1.3814620971679688
95.397545,97.503944,-2.1063995361328125
100.0,98.86479,-1.1352081298828125
97.430405,100.00107,-2.5706634521484375
97.57773,97.95106,-0.37332916259765625
100.0,102.33436,-2.3343582153320312
95.61864,94.76835,-0.8502883911132812
98.99241,98.51277,-0.47963714599609375
92.07332,87.87633,-4.196990966796875
95.330826,93.06268,-2.2681427001953125
94.49332,92.023926,-2.469390869140625
94.84225,92.888306,-1.9539413452148438
94.85255,95.03987,-0.18732452392578125
96.10042,97.55289,-1.4524688720703125
96.59006,95.596695,-0.9933624267578125
95.1042,98.45673,-3.3525314331054688
97.85608,101.014114,-3.1580352783203125
99.17057,100.50256,-1.3319931030273438
99.13864,97.90697,-1.2316741943359375
96.84318,97.36492,-0.5217437744140625
96.29569,97.99178,-1.6960906982421875
98.24402,99.07585,-0.8318328857421875
100.0,102.75037,-2.7503662109375
94.19891,96.129776,-1.9308624267578125
93.6258,95.33864,-1.7128372192382812
96.77282,96.521416,-0.25140380859375
100.0,100.99173,-0.991729736328125
95.79454,93.5186,-2.27593994140625
95.196815,96.074524,-0.8777084350585938
100.0,97.351746,-2.64825439453125
93.62346,88.68471,-4.938751220703125
97.42102,95.59621,-1.8248138427734375
100.0,100.06238,-0.0623779296875
98.162605,93.39749,-4.765113830566406
100.0,101.51625,-1.5162506103515625
94.562775,92.70491,-1.8578643798828125
97.36229,94.4493,-2.9129867553710938
94.17517,93.95262,-0.2225494384765625
91.08615,95.83783,-4.751678466796875
91.98861,93.445045,-1.4564361572265625
96.118416,95.93647,-0.18194580078125
97.43007,96.86699,-0.563079833984375
97.21916,96.96072,-0.25844573974609375
100.0,99.88051,-0.1194915771484375
100.0,97.45888,-2.5411224365234375
97.14441,98.31362,-1.1692123413085938
98.1888,98.020355,-0.1684417724609375
98.499214,102.08065,-3.5814361572265625
100.0,100.67458,-0.6745834350585938
97.92857,97.53844,-0.39013671875
92.3502,93.450645,-1.1004486083984375
97.96066,98.46527,-0.504608154296875
99.74172,104.1104,-4.368675231933594
99.441216,98.5202,-0.9210128784179688
95.13513,96.79918,-1.6640472412109375
100.0,104.4911,-4.491096496582031
100.0,99.54474,-0.45526123046875
93.64245,93.52312,-0.11933135986328125
98.40391,101.50987,-3.1059646606445312
100.0,99.57944,-0.420562744140625
93.61032,97.789795,-4.179473876953125
100.0,101.415955,-1.41595458984375
99.16401,101.11064,-1.9466323852539062
95.350945,99.08916,-3.7382125854492188
96.030174,99.201004,-3.1708297729492188
92.6762,93.500565,-0.8243637084960938
99.55696,98.48183,-1.07513427734375
96.80264,99.634476,-2.8318328857421875
98.890854,100.39522,-1.504364013671875
99.33927,99.108635,-0.2306365966796875
94.12913,96.357994,-2.2288665771484375
100.0,100.57445,-0.5744476318359375
100.0,98.08331,-1.91668701171875
95.07381,95.75717,-0.6833648681640625
100.0,95.8282,-4.1717987060546875
100.0,98.50322,-1.4967803955078125
94.463135,94.921295,-0.458160400390625
100.0,99.84964,-0.150360107421875
97.349815,98.98068,-1.6308670043945312
92.70677,92.869255,-0.16248321533203125
100.0,100.7173,-0.7173004150390625
97.57414,97.38765,-0.186492919921875
95.81525,96.04947,-0.234222412109375
97.87689,97.52521,-0.3516845703125
93.03261,94.70775,-1.675140380859375
100.0,102.66805,-2.6680526733398438
100.0,98.81653,-1.1834716796875
99.143715,96.301285,-2.8424301147460938
97.21059,95.95029,-1.2602996826171875
100.0,98.735466,-1.2645339965820312
98.41214,96.735794,-1.6763458251953125
96.88292,94.515366,-2.3675537109375
95.11773,95.30143,-0.1837005615234375
93.05219,94.303024,-1.2508316040039062
91.904,90.98305,-0.9209518432617188
93.75169,94.21324,-0.4615478515625
100.0,99.27199,-0.7280120849609375
91.38842,96.202805,-4.814384460449219
94.45584,95.24206,-0.7862167358398438
95.947395,95.97919,-0.03179168701171875
92.094666,88.593475,-3.501190185546875
98.93183,100.36434,-1.4325103759765625
99.08314,100.63986,-1.5567245483398438
95.88024,99.91249,-4.032249450683594
100.0,99.63372,-0.36627960205078125
91.34872,93.75203,-2.4033126831054688
92.54301,93.81973,-1.2767257690429688
92.86538,96.01682,-3.1514434814453125
97.807526,97.117714,-0.6898117065429688
93.636406,91.11435,-2.5220565795898438
92.12184,93.131615,-1.0097732543945312
92.131004,94.040344,-1.9093399047851562
98.1399,96.350914,-1.7889862060546875
100.0,100.948654,-0.9486541748046875
100.0,98.953156,-1.046844482421875
95.83613,93.68366,-2.1524658203125
95.24211,95.65352,-0.411407470703125
92.953545,93.847435,-0.893890380859375
92.30127,89.29422,-3.007049560546875
92.51909,91.04202,-1.4770660400390625
94.65464,94.46611,-0.18852996826171875
99.366776,100.16208,-0.7953033447265625
93.771416,96.35481,-2.5833969116210938
96.741104,95.309235,-1.4318695068359375
94.54406,93.14228,-1.4017791748046875
96.947815,98.04834,-1.10052490234375
94.11807,94.84414,-0.7260665893554688
95.37659,96.08304,-0.706451416015625
94.67042,96.55709,-1.8866729736328125
94.69745,95.027176,-0.3297271728515625
98.2002,96.61189,-1.5883102416992188
92.6858,96.60904,-3.9232406616210938
94.75298,93.65309,-1.0998916625976562
95.65315,95.603294,-0.04985809326171875
93.28869,92.425705,-0.8629837036132812
92.78111,92.62875,-0.1523590087890625
99.457016,106.04172,-6.5847015380859375
92.43784,93.93115,-1.4933090209960938
97.76556,102.117325,-4.351768493652344
95.02505,98.48609,-3.4610443115234375
99.9564,98.340164,-1.6162338256835938
100.0,97.54045,-2.4595489501953125
92.50158,89.52969,-2.9718856811523438
99.555695,99.84329,-0.28759765625
95.81105,99.07698,-3.26593017578125
95.86236,98.807846,-2.9454879760742188
96.02166,95.78679,-0.23487091064453125
93.668495,92.6134,-1.0550918579101562
92.93957,91.89599,-1.0435791015625
93.80144,94.14989,-0.34844970703125
99.473015,99.23364,-0.23937225341796875
100.0,100.326706,-0.3267059326171875
95.48757,96.56671,-1.0791397094726562
95.97258,97.096985,-1.1244049072265625
100.0,100.46186,-0.46186065673828125
94.8874,93.106766,-1.7806320190429688
97.87563,94.97243,-2.9032058715820312
98.97466,98.60229,-0.37237548828125
96.00766,95.670166,-0.337493896484375
98.214424,95.37441,-2.8400115966796875
95.2177,96.89053,-1.6728363037109375
96.66594,95.965195,-0.70074462890625
95.76945,97.39009,-1.6206436157226562
98.24988,100.518234,-2.2683563232421875
100.0,97.49636,-2.5036392211914062
100.0,98.53313,-1.4668731689453125
93.03708,90.34836,-2.688720703125
100.0,96.6348,-3.3651962280273438
98.160385,97.778404,-0.38198089599609375
100.0,97.85091,-2.1490936279296875
92.56325,95.95291,-3.3896636962890625
98.899025,95.96024,-2.93878173828125
100.0,96.88678,-3.11322021484375
95.55777,99.43859,-3.8808212280273438
97.33304,98.51326,-1.1802215576171875
91.488266,92.95912,-1.470855712890625
100.0,97.33277,-2.6672286987304688
99.9332,100.70006,-0.7668609619140625
94.705444,94.69084,-0.0146026611328125
96.99491,96.372765,-0.6221466064453125
95.719635,97.17099,-1.45135498046875
100.0,90.43584,-9.564163208007812
98.35312,98.84015,-0.487030029296875
100.0,98.13622,-1.8637771606445312
96.35279,96.53963,-0.18683624267578125
100.0,102.62187,-2.6218719482421875
100.0,102.33006,-2.3300628662109375
98.562294,95.788155,-2.774139404296875
100.0,97.762474,-2.2375259399414062
100.0,100.120346,-0.1203460693359375
100.0,97.283485,-2.7165145874023438
100.0,98.145966,-1.854034423828125
100.0,99.15155,-0.84844970703125
93.52292,91.8499,-1.6730194091796875
100.0,96.1783,-3.8217010498046875
100.0,101.997444,-1.9974441528320312
100.0,99.490364,-0.5096359252929688
100.0,102.63585,-2.6358489990234375
99.10172,95.46898,-3.6327438354492188
100.0,100.091354,-0.0913543701171875
95.1629,96.6255,-1.4626007080078125
95.39056,90.49577,-4.894783020019531
100.0,100.76913,-0.7691268920898438
99.655754,98.36333,-1.2924270629882812
97.29934,94.40379,-2.8955459594726562
97.9068,93.96019,-3.9466094970703125
96.26818,97.508545,-1.2403640747070312
100.0,101.71036,-1.710357666015625
99.73219,97.83421,-1.897979736328125
98.26555,98.85936,-0.59381103515625
100.0,102.35933,-2.3593292236328125
100.0,103.70983,-3.7098312377929688
97.96351,97.32218,-0.641326904296875
96.22376,96.16042,-0.0633392333984375
100.0,98.353485,-1.646514892578125
100.0,95.93784,-4.062156677246094
97.350525,96.0542,-1.29632568359375
100.0,100.0903,-0.090301513671875
100.0,101.32951,-1.3295135498046875
100.0,99.04962,-0.95037841796875
98.704056,95.46457,-3.2394866943359375
92.854614,92.7315,-0.12311553955078125
100.0,100.22771,-0.2277069091796875
100.0,100.49678,-0.4967803955078125
100.0,100.417015,-0.41701507568359375
100.0,101.305756,-1.305755615234375
100.0,98.51158,-1.4884185791015625
95.58111,98.676956,-3.0958480834960938
100.0,96.420715,-3.57928466796875
91.46468,86.334595,-5.130088806152344
100.0,101.77985,-1.77984619140625
94.49019,99.01959,-4.5294036865234375
100.0,98.423386,-1.5766143798828125
97.29925,93.098404,-4.200843811035156
99.41805,99.81682,-0.39876556396484375
100.0,96.206,-3.7939987182617188
100.0,101.16475,-1.1647491455078125
97.02744,97.17906,-0.15161895751953125
96.91093,95.45096,-1.4599685668945312
100.0,98.15575,-1.8442535400390625
99.57369,98.19159,-1.3821029663085938
100.0,99.59523,-0.4047698974609375
100.0,98.210785,-1.789215087890625
93.373795,97.42999,-4.0561981201171875
98.81405,96.70788,-2.106170654296875
99.10482,96.382706,-2.7221145629882812
95.62817,99.2719,-3.6437301635742188
100.0,103.41896,-3.4189605712890625
96.77481,98.150024,-1.375213623046875
100.0,100.613335,-0.6133346557617188
100.0,105.25903,-5.259033203125
98.37133,98.77079,-0.3994598388671875
100.0,102.20829,-2.2082901000976562
100.0,105.191605,-5.1916046142578125
93.277565,99.450325,-6.172760009765625
92.55145,94.92035,-2.368896484375
100.0,103.510025,-3.5100250244140625
93.48319,96.66128,-3.1780853271484375
100.0,101.29874,-1.298736572265625
100.0,100.04373,-0.043731689453125
94.22909,98.39067,-4.161582946777344
97.52592,99.2263,-1.7003860473632812
100.0,100.67255,-0.67254638671875
96.91945,98.70269,-1.7832412719726562
92.34812,92.95419,-0.6060714721679688
96.87653,93.392365,-3.4841690063476562
92.9691,94.426285,-1.457183837890625
94.20486,95.7162,-1.5113449096679688
97.3735,96.71829,-0.6552047729492188
96.19148,97.16829,-0.976806640625
100.0,100.47832,-0.4783172607421875
95.31156,98.27547,-2.9639053344726562
100.0,96.72146,-3.2785415649414062
97.680374,97.87365,-0.19327545166015625
94.05588,98.57431,-4.5184326171875
91.42897,91.24249,-0.1864776611328125
100.0,98.669876,-1.3301239013671875
100.0,97.90985,-2.09014892578125
95.35619,98.32016,-2.9639663696289062
95.58536,94.565796,-1.019561767578125
96.64478,96.637344,-0.00743865966796875
96.91837,97.795975,-0.8776016235351562
99.35249,97.06796,-2.2845306396484375
96.93144,97.89313,-0.9616851806640625
99.22651,99.45317,-0.22666168212890625
99.98547,98.68414,-1.30133056640625
92.97649,92.660576,-0.31591033935546875
96.378685,97.85343,-1.4747467041015625
100.0,103.898735,-3.8987350463867188
92.16156,95.39249,-3.230926513671875
100.0,99.356155,-0.6438446044921875
100.0,102.4963,-2.4962997436523438
100.0,102.919556,-2.9195556640625
100.0,102.4489,-2.4488983154296875
95.33149,94.92534,-0.40615081787109375
98.47385,92.98772,-5.4861297607421875
99.05957,98.64412,-0.4154510498046875
98.77341,98.467606,-0.3058013916015625
97.01506,98.05862,-1.0435562133789062
93.27344,95.1337,-1.860260009765625
95.09366,97.73732,-2.6436614990234375
97.51791,98.599945,-1.0820388793945312
100.0,100.36661,-0.366607666015625
97.68614,97.38819,-0.29795074462890625
97.86383,98.202484,-0.338653564453125
98.53856,98.1924,-0.346160888671875
100.0,100.99049,-0.9904937744140625
100.0,99.35527,-0.6447296142578125
94.27285,97.192184,-2.9193344116210938
99.82657,98.058014,-1.7685546875
97.35092,96.8943,-0.4566192626953125
100.0,99.22441,-0.7755889892578125
98.948746,98.591,-0.3577423095703125
93.24623,96.70888,-3.462646484375
95.28984,98.63443,-3.3445892333984375
95.28649,95.9075,-0.6210098266601562
100.0,101.60913,-1.609130859375
100.0,98.30287,-1.6971282958984375
100.0,104.97272,-4.97271728515625
95.596436,95.83177,-0.2353363037109375
100.0,102.16449,-2.16448974609375
95.12505,102.83595,-7.710899353027344
100.0,101.663605,-1.663604736328125
100.0,103.633865,-3.6338653564453125
100.0,105.867325,-5.8673248291015625
93.65045,94.14035,-0.489898681640625
93.87244,97.07697,-3.2045364379882812
99.49144,98.84288,-0.6485595703125
100.0,103.298584,-3.298583984375
100.0,104.77248,-4.7724761962890625
100.0,103.73739,-3.7373886108398438
100.0,100.22766,-0.2276611328125
100.0,102.09897,-2.098968505859375
100.0,98.26892,-1.7310791015625
100.0,101.40651,-1.4065093994140625
96.15081,98.25882,-2.1080093383789062
99.52771,90.15636,-9.371353149414062
100.0,87.4449,-12.555099487304688
100.0,95.59099,-4.4090118408203125
99.57657,91.090096,-8.486473083496094
92.52069,97.0287,-4.5080108642578125
93.54325,90.85795,-2.685302734375
100.0,94.68427,-5.315727233886719
95.68054,91.04225,-4.6382904052734375
93.31255,90.28046,-3.0320968627929688
100.0,94.51106,-5.4889373779296875
93.73887,98.5332,-4.794334411621094
93.24178,98.00691,-4.765129089355469
95.24632,89.58789,-5.6584320068359375
96.693985,96.57161,-0.12237548828125
99.69447,89.42985,-10.264625549316406
92.772995,90.83508,-1.9379119873046875
92.988106,94.209915,-1.2218093872070312
95.592834,96.252655,-0.659820556640625
100.0,99.59335,-0.406646728515625
100.0,95.6884,-4.3115997314453125
95.24771,95.06809,-0.17961883544921875
94.773,96.83717,-2.0641708374023438
100.0,101.60845,-1.6084518432617188
95.68945,96.20982,-0.5203704833984375
100.0,97.48941,-2.510589599609375
100.0,99.431175,-0.5688247680664062
100.0,98.804886,-1.1951141357421875
100.0,100.72632,-0.726318359375
100.0,95.67058,-4.3294219970703125
100.0,96.93997,-3.060028076171875
100.0,99.92726,-0.0727386474609375
100.0,100.65633,-0.6563262939453125
100.0,98.912155,-1.0878448486328125
100.0,98.85402,-1.1459808349609375
100.0,100.152145,-0.1521453857421875
98.29911,96.60719,-1.6919174194335938
100.0,93.75668,-6.243316650390625
100.0,94.253395,-5.746604919433594
100.0,100.12918,-0.129180908203125
100.0,93.537224,-6.462776184082031
100.0,97.14077,-2.8592300415039062
100.0,95.67441,-4.325592041015625
97.20365,98.45485,-1.2511978149414062
96.57249,97.06977,-0.497283935546875
99.6312,95.216774,-4.4144287109375
100.0,100.74698,-0.746978759765625
100.0,98.26947,-1.73052978515625
92.80359,90.330025,-2.4735641479492188
100.0,101.66672,-1.666717529296875
100.0,102.04055,-2.0405502319335938
100.0,97.379715,-2.6202850341796875
100.0,98.69766,-1.302337646484375
100.0,102.314575,-2.3145751953125
100.0,101.238464,-1.23846435546875
100.0,97.82167,-2.1783294677734375
100.0,99.10225,-0.8977508544921875
99.434975,96.874115,-2.5608596801757812
100.0,98.84275,-1.1572494506835938
100.0,98.90512,-1.094879150390625
100.0,98.05878,-1.94122314453125
100.0,99.36746,-0.632537841796875
100.0,98.72539,-1.2746124267578125
100.0,101.506226,-1.5062255859375
98.51052,97.65202,-0.8584976196289062
94.864876,94.335236,-0.5296401977539062
94.723076,94.39979,-0.3232879638671875
91.63742,94.18477,-2.5473480224609375
92.72863,92.977806,-0.249176025390625
92.16106,92.5898,-0.428741455078125
90.59319,91.754395,-1.1612014770507812
92.95029,92.05709,-0.8931961059570312
94.7118,93.18062,-1.5311813354492188
90.93697,90.20563,-0.7313461303710938
93.50256,91.47797,-2.02459716796875
95.550026,92.36099,-3.1890335083007812
96.74448,95.47497,-1.2695083618164062
93.10613,92.16187,-0.9442596435546875
92.18435,91.76412,-0.42022705078125
91.47013,89.72818,-1.7419509887695312
91.33729,91.90668,-0.5693893432617188
93.859886,93.54202,-0.31786346435546875
91.89484,90.84385,-1.0509872436523438
91.31371,92.760315,-1.4466018676757812
91.78818,89.36441,-2.42376708984375
92.72436,91.50131,-1.2230453491210938
91.12254,91.35681,-0.2342681884765625
96.563644,92.93199,-3.63165283203125
97.06406,92.60655,-4.4575042724609375
92.69439,90.63298,-2.0614089965820312
91.57837,89.579315,-1.999053955078125
95.92496,94.080055,-1.8449020385742188
91.89669,90.506546,-1.3901443481445312
91.70512,91.59219,-0.11292266845703125
93.14561,93.07248,-0.07312774658203125
98.6107,96.27042,-2.3402862548828125
96.74911,94.520615,-2.2284927368164062
92.60371,89.39842,-3.2052841186523438
92.23303,91.12651,-1.1065216064453125
93.43121,92.946365,-0.4848480224609375
91.568886,91.19675,-0.37213897705078125
91.19367,92.72766,-1.5339889526367188
92.20911,92.55558,-0.34647369384765625
91.24366,89.2935,-1.9501571655273438
92.466484,89.61378,-2.8527069091796875
92.60918,92.044044,-0.5651321411132812
91.30226,91.810196,-0.5079345703125
92.563805,91.29307,-1.2707366943359375
92.88294,90.68253,-2.200408935546875
91.921455,90.129585,-1.7918701171875
94.74048,92.8134,-1.9270782470703125
91.903046,90.21922,-1.6838226318359375
92.202065,91.266556,-0.9355087280273438
92.006065,91.750275,-0.25579071044921875
91.81356,91.0172,-0.7963638305664062
91.39011,91.672356,-0.28224945068359375
96.94228,94.443596,-2.498687744140625
92.15559,90.81183,-1.3437576293945312
91.31567,92.56085,-1.2451858520507812
92.253426,92.22746,-0.02596282958984375
92.21613,92.39003,-0.17389678955078125
92.28564,94.30459,-2.018951416015625
91.05746,92.274414,-1.2169570922851562
93.017914,92.156105,-0.8618087768554688
92.86411,92.3341,-0.5300140380859375
90.941315,90.91459,-0.02672576904296875
93.36528,89.08334,-4.2819366455078125
95.37251,92.371284,-3.0012283325195312
90.785126,88.20216,-2.5829620361328125
91.76662,90.04956,-1.7170562744140625
91.46426,90.55732,-0.9069366455078125
92.147446,92.47882,-0.3313751220703125
94.28745,95.41527,-1.1278152465820312
91.071175,91.31377,-0.24259185791015625
91.55133,94.31792,-2.7665863037109375
94.5593,92.62343,-1.9358749389648438
92.20823,91.56189,-0.6463394165039062
91.3536,89.99216,-1.3614425659179688
90.75239,89.917564,-0.8348236083984375
94.70944,92.66641,-2.04302978515625
90.76867,91.398415,-0.6297454833984375
90.48434,88.807816,-1.6765213012695312
92.5796,93.12723,-0.5476303100585938
91.011765,90.9502,-0.06156158447265625
93.53437,91.713684,-1.8206863403320312
91.76374,91.45549,-0.30825042724609375
90.98346,89.96787,-1.0155868530273438
93.38764,91.333984,-2.0536575317382812
90.66768,90.04689,-0.62078857421875
90.97224,91.065506,-0.09326934814453125
93.80944,93.49519,-0.31424713134765625
91.29147,92.51466,-1.2231903076171875
92.55046,91.8044,-0.746063232421875
94.53672,96.883804,-2.3470840454101562
95.00258,94.428406,-0.5741729736328125
100.0,98.94885,-1.0511474609375
100.0,99.582115,-0.41788482666015625
100.0,99.45321,-0.5467910766601562
100.0,102.28822,-2.2882232666015625
94.75845,100.405945,-5.647491455078125
100.0,98.751175,-1.2488250732421875
98.93657,101.00775,-2.0711822509765625
100.0,101.10414,-1.1041412353515625
94.78369,104.852264,-10.068572998046875
100.0,102.05249,-2.052490234375
100.0,102.992966,-2.9929656982421875
100.0,97.215256,-2.7847442626953125
94.41242,94.527504,-0.115081787109375
93.53011,97.11618,-3.5860671997070312
95.60851,93.24469,-2.3638229370117188
100.0,101.60246,-1.6024627685546875
96.55435,96.10523,-0.44911956787109375
100.0,101.22573,-1.2257308959960938
100.0,108.8451,-8.845100402832031
97.70622,97.82797,-0.1217498779296875
100.0,99.36386,-0.636138916015625
100.0,101.00532,-1.0053176879882812
100.0,105.256256,-5.256256103515625
100.0,99.021545,-0.97845458984375
100.0,98.78874,-1.2112579345703125
100.0,97.46146,-2.538543701171875
100.0,96.58244,-3.4175567626953125
100.0,99.650276,-0.34972381591796875
96.19571,96.73337,-0.53765869140625
93.567116,95.134796,-1.5676803588867188
99.5555,98.87088,-0.6846160888671875
100.0,100.14512,-0.14511871337890625
95.69097,95.194534,-0.49643707275390625
93.875145,100.06987,-6.194725036621094
100.0,98.793335,-1.2066650390625
100.0,100.38294,-0.38294219970703125
100.0,98.463066,-1.5369338989257812
100.0,109.53825,-9.538253784179688
100.0,100.177246,-0.17724609375
100.0,102.04268,-2.0426788330078125
100.0,103.08999,-3.0899887084960938
100.0,102.54739,-2.547393798828125
100.0,100.956955,-0.9569549560546875
100.0,99.562546,-0.4374542236328125
100.0,97.81611,-2.1838912963867188
97.90523,100.127914,-2.222686767578125
100.0,100.627686,-0.627685546875
100.0,98.15483,-1.8451690673828125
100.0,99.71053,-0.28946685791015625
100.0,97.86735,-2.1326522827148438
100.0,98.9385,-1.0615005493164062
100.0,98.815094,-1.184906005859375
100.0,94.2003,-5.7996978759765625
93.61488,95.54088,-1.925994873046875
97.079895,96.00508,-1.0748138427734375
95.673805,94.36352,-1.3102874755859375
100.0,96.90159,-3.0984115600585938
100.0,98.02731,-1.972686767578125
97.01389,97.40828,-0.39438629150390625
95.32148,97.55545,-2.2339706420898438
100.0,99.41736,-0.5826416015625
98.62814,97.319176,-1.3089675903320312
99.88038,96.305786,-3.5745925903320312
95.33673,95.30603,-0.03070068359375
96.24127,97.97713,-1.7358551025390625
100.0,97.72046,-2.279541015625
100.0,100.07396,-0.0739593505859375
99.85107,99.11012,-0.7409439086914062
100.0,97.49415,-2.5058517456054688
100.0,97.67645,-2.32354736328125
100.0,99.62949,-0.37050628662109375
98.86281,96.40034,-2.4624710083007812
100.0,98.79993,-1.2000732421875
97.88904,94.98628,-2.9027557373046875
97.04323,95.63004,-1.4131851196289062
100.0,96.80159,-3.1984100341796875
100.0,97.37175,-2.6282501220703125
100.0,98.43475,-1.56524658203125
100.0,97.429276,-2.5707244873046875
100.0,96.871506,-3.1284942626953125
97.48014,98.04425,-0.5641098022460938
96.328285,98.08456,-1.7562713623046875
96.25582,98.515625,-2.2598037719726562
95.1547,94.9273,-0.2274017333984375
100.0,99.939896,-0.0601043701171875
98.84689,96.56116,-2.285736083984375
95.79291,97.403404,-1.6104965209960938
91.44322,93.11345,-1.67022705078125
94.215294,95.726105,-1.5108108520507812
91.40598,94.21915,-2.8131637573242188
99.135796,97.621414,-1.5143814086914062
98.03997,98.25528,-0.21530914306640625
93.533104,93.94292,-0.40981292724609375
92.374916,93.85899,-1.4840774536132812
91.73274,93.658646,-1.9259033203125
98.55392,97.55771,-0.9962081909179688
93.04079,94.34248,-1.30169677734375
92.40254,95.281784,-2.879241943359375
96.3324,95.44608,-0.8863143920898438
94.52319,96.66034,-2.13714599609375
94.81275,96.20364,-1.3908920288085938
94.109955,96.024994,-1.9150390625
96.26344,97.55963,-1.2961883544921875
99.22683,98.58894,-0.6378860473632812
95.446434,97.48486,-2.0384292602539062
92.630646,95.018585,-2.387939453125
96.9108,97.47669,-0.5658950805664062
91.800354,94.557785,-2.7574310302734375
92.82498,97.00541,-4.180427551269531
92.77648,96.861336,-4.0848541259765625
93.76831,96.48559,-2.7172775268554688
92.648605,95.97866,-3.3300552368164062
92.73039,96.31651,-3.58612060546875
100.0,100.336105,-0.3361053466796875
100.0,97.475815,-2.5241851806640625
100.0,95.37814,-4.621856689453125
95.19693,95.80255,-0.605621337890625
100.0,101.61029,-1.61029052734375
100.0,100.767426,-0.767425537109375
97.67592,98.46538,-0.789459228515625
99.61799,99.950806,-0.33281707763671875
100.0,99.223175,-0.776824951171875
100.0,101.06758,-1.0675811767578125
100.0,101.64421,-1.6442108154296875
100.0,100.15093,-0.15093231201171875
100.0,100.659805,-0.6598052978515625
100.0,98.113754,-1.8862457275390625
100.0,101.617004,-1.61700439453125
100.0,99.19571,-0.804290771484375
100.0,100.54647,-0.5464706420898438
100.0,103.43552,-3.435516357421875
100.0,102.310555,-2.3105545043945312
100.0,99.61712,-0.38288116455078125
100.0,101.70741,-1.7074127197265625
100.0,92.384995,-7.6150054931640625
100.0,102.687225,-2.687225341796875
100.0,101.83505,-1.835052490234375
100.0,97.5078,-2.4922027587890625
100.0,100.11559,-0.11559295654296875
100.0,99.46648,-0.5335235595703125
100.0,101.17791,-1.1779098510742188
100.0,94.91763,-5.082366943359375
100.0,98.09235,-1.90765380859375
100.0,99.291916,-0.7080841064453125
97.48805,93.645386,-3.8426666259765625
100.0,98.95575,-1.04425048828125
100.0,103.552246,-3.55224609375
100.0,99.640274,-0.3597259521484375
100.0,99.992195,-0.00780487060546875
100.0,98.19274,-1.8072586059570312
100.0,99.81836,-0.181640625
100.0,99.18608,-0.8139190673828125
100.0,98.98186,-1.0181427001953125
99.679054,98.384125,-1.2949295043945312
100.0,102.7357,-2.7357025146484375
100.0,99.67377,-0.32623291015625
100.0,98.09378,-1.906219482421875
100.0,98.44269,-1.55731201171875
100.0,97.71526,-2.2847366333007812
95.14394,95.37735,-0.23340606689453125
94.12423,92.91522,-1.2090072631835938
100.0,98.7061,-1.2938995361328125
95.54735,95.11762,-0.42972564697265625
96.83183,97.006516,-0.1746826171875
100.0,99.629074,-0.3709259033203125
100.0,96.02472,-3.97528076171875
96.36253,96.20076,-0.161773681640625
100.0,98.33618,-1.663818359375
96.45772,96.321625,-0.1360931396484375
95.56666,96.77965,-1.2129898071289062
94.98988,95.34116,-0.35128021240234375
93.90097,93.97879,-0.07781982421875
100.0,95.54936,-4.4506378173828125
92.45679,88.10507,-4.351715087890625
99.098045,94.7102,-4.387847900390625
99.855675,97.947464,-1.9082107543945312
100.0,102.18814,-2.188140869140625
95.805954,96.593185,-0.7872314453125
100.0,99.987625,-0.0123748779296875
100.0,102.384,-2.384002685546875
96.95329,93.82855,-3.1247406005859375
99.04414,97.66464,-1.3795013427734375
100.0,96.74463,-3.25537109375
100.0,101.880936,-1.8809356689453125
94.08012,93.61401,-0.46610260009765625
100.0,102.015305,-2.0153045654296875
100.0,98.61922,-1.3807830810546875
100.0,98.07444,-1.9255599975585938
97.52469,96.37009,-1.15460205078125
94.05255,91.241714,-2.8108367919921875
95.51433,95.51733,-0.00299835205078125
100.0,97.06549,-2.93450927734375
97.68071,95.190216,-2.4904937744140625
94.23056,92.430466,-1.8000946044921875
98.53424,96.69365,-1.8405914306640625
96.41513,94.690506,-1.7246246337890625
98.522964,95.09531,-3.4276580810546875
100.0,98.702995,-1.2970046997070312
100.0,100.90112,-0.901123046875
94.54753,93.71326,-0.8342742919921875
97.31376,94.03357,-3.2801895141601562
100.0,99.96236,-0.0376434326171875
100.0,100.9191,-0.919097900390625
100.0,100.36774,-0.36773681640625
94.06008,93.62663,-0.43344879150390625
100.0,102.470184,-2.470184326171875
100.0,99.87076,-0.129241943359375
100.0,102.13011,-2.1301116943359375
95.17672,92.987495,-2.1892242431640625
95.35455,97.73247,-2.3779144287109375
97.521515,93.882645,-3.6388702392578125
99.350235,95.15457,-4.1956634521484375
100.0,99.82938,-0.170623779296875
100.0,98.33636,-1.6636428833007812
95.89654,91.0907,-4.805839538574219
100.0,98.56633,-1.4336700439453125
100.0,98.97968,-1.0203170776367188
100.0,100.10747,-0.1074676513671875
100.0,97.439674,-2.5603256225585938
100.0,98.80929,-1.1907119750976562
96.71554,96.120575,-0.5949630737304688
100.0,97.99924,-2.000762939453125
95.4554,95.41749,-0.03791046142578125
97.87153,97.982346,-0.11081695556640625
100.0,98.896736,-1.1032638549804688
99.215294,95.24782,-3.9674758911132812
98.27408,97.702515,-0.571563720703125
97.69848,94.395355,-3.3031234741210938
99.763115,99.57593,-0.18718719482421875
94.511375,92.20271,-2.3086624145507812
98.23736,98.66114,-0.4237823486328125
96.18669,97.09279,-0.906097412109375
100.0,102.00446,-2.0044631958007812
100.0,97.71606,-2.2839431762695312
99.95061,97.201904,-2.7487030029296875
100.0,98.94028,-1.059722900390625
100.0,96.38413,-3.6158676147460938
100.0,106.49817,-6.4981689453125
100.0,99.41898,-0.5810165405273438
98.71519,96.62796,-2.0872268676757812
95.09137,94.41506,-0.6763076782226562
100.0,100.398865,-0.39886474609375
95.91981,100.77133,-4.851524353027344
96.1042,95.33067,-0.773529052734375
100.0,98.87682,-1.1231765747070312
98.00339,96.52581,-1.4775772094726562
97.34883,95.23126,-2.1175689697265625
98.941475,97.58716,-1.3543167114257812
93.953064,93.2395,-0.71356201171875
100.0,105.662506,-5.662506103515625
100.0,100.41973,-0.41973114013671875
100.0,98.18373,-1.8162689208984375
97.48645,97.41089,-0.0755615234375
100.0,100.77407,-0.7740707397460938
100.0,104.03405,-4.034049987792969
100.0,97.02456,-2.9754409790039062
100.0,100.75528,-0.755279541015625
100.0,99.79176,-0.2082366943359375
100.0,99.749466,-0.2505340576171875
100.0,97.85841,-2.1415863037109375
100.0,101.61119,-1.6111907958984375
100.0,99.72002,-0.2799835205078125
100.0,100.15048,-0.150482177734375
100.0,97.26541,-2.734588623046875
100.0,98.08505,-1.914947509765625
100.0,99.49786,-0.50213623046875
94.74628,94.607315,-0.1389617919921875
100.0,99.87299,-0.12700653076171875
100.0,99.08097,-0.9190292358398438
100.0,99.31746,-0.6825408935546875
96.05255,97.20142,-1.1488723754882812
100.0,99.9927,-0.00730133056640625
100.0,100.075836,-0.075836181640625
100.0,101.99857,-1.9985733032226562
100.0,103.08372,-3.0837173461914062
100.0,100.21782,-0.2178192138671875
100.0,101.18735,-1.187347412109375
100.0,93.30915,-6.690849304199219
100.0,104.9032,-4.9031982421875
100.0,98.939674,-1.0603256225585938
100.0,94.258316,-5.7416839599609375
100.0,101.61365,-1.6136474609375
100.0,101.416084,-1.4160842895507812
100.0,105.73421,-5.7342071533203125
100.0,105.745094,-5.745094299316406
100.0,97.92757,-2.0724334716796875
100.0,98.60802,-1.3919830322265625
100.0,96.638145,-3.3618545532226562
100.0,104.50957,-4.5095672607421875
100.0,93.05715,-6.942848205566406
100.0,103.168076,-3.1680755615234375
100.0,92.07121,-7.9287872314453125
100.0,101.72304,-1.7230377197265625
100.0,88.9878,-11.012199401855469
100.0,108.119934,-8.11993408203125
100.0,100.91821,-0.918212890625
100.0,100.06464,-0.06463623046875
100.0,95.677956,-4.322044372558594
100.0,103.668846,-3.6688461303710938
100.0,104.03105,-4.0310516357421875
100.0,105.79353,-5.7935333251953125
100.0,98.40887,-1.5911331176757812
100.0,103.98871,-3.98870849609375
100.0,97.85733,-2.142669677734375
100.0,101.374115,-1.374114990234375
100.0,104.11686,-4.116859436035156
100.0,101.59111,-1.5911102294921875
100.0,99.52159,-0.4784088134765625
100.0,92.84127,-7.158729553222656
100.0,91.45347,-8.546531677246094
100.0,98.31818,-1.68182373046875
100.0,103.10283,-3.1028289794921875
100.0,100.4429,-0.442901611328125
100.0,100.28404,-0.2840423583984375
97.53215,99.91315,-2.3809967041015625
100.0,99.9773,-0.02269744873046875
100.0,97.7385,-2.2614974975585938
100.0,100.70253,-0.7025299072265625
100.0,100.268036,-0.268035888671875
100.0,98.82927,-1.1707305908203125
100.0,106.23157,-6.2315673828125
100.0,96.95863,-3.0413665771484375
100.0,97.72131,-2.2786865234375
100.0,100.313805,-0.31380462646484375
100.0,95.25299,-4.74700927734375
100.0,99.28601,-0.7139892578125
100.0,97.23575,-2.764251708984375
100.0,100.34161,-0.34161376953125
97.38823,97.51891,-0.13068389892578125
93.88475,94.97365,-1.088897705078125
100.0,97.733795,-2.266204833984375
100.0,100.88614,-0.886138916015625
100.0,99.98374,-0.01625823974609375
100.0,98.74196,-1.2580413818359375
100.0,95.28634,-4.713661193847656
100.0,99.473694,-0.52630615234375
100.0,100.99661,-0.996612548828125
100.0,99.946915,-0.0530853271484375
100.0,98.02371,-1.976287841796875
100.0,97.37724,-2.6227569580078125
94.1117,91.674805,-2.4368972778320312
94.85773,96.06906,-1.211334228515625
94.07314,94.19537,-0.12223052978515625
99.349625,95.039856,-4.3097686767578125
100.0,97.616684,-2.3833160400390625
97.273346,92.34131,-4.932037353515625
100.0,97.71889,-2.2811126708984375
97.72129,95.36386,-2.3574295043945312
100.0,96.79117,-3.208831787109375
99.83217,99.21173,-0.6204376220703125
100.0,99.44786,-0.5521392822265625
100.0,99.71752,-0.28247833251953125
100.0,101.14348,-1.1434783935546875
100.0,101.01526,-1.0152587890625
100.0,97.071304,-2.9286956787109375
100.0,98.025085,-1.97491455078125
100.0,96.42395,-3.5760498046875
95.11368,92.6936,-2.420074462890625
95.16078,93.571266,-1.5895156860351562
99.65082,96.036255,-3.61456298828125
96.89504,92.47443,-4.420616149902344
100.0,96.41313,-3.5868682861328125
100.0,98.44052,-1.559478759765625
94.00572,93.099396,-0.9063262939453125
100.0,100.99504,-0.9950408935546875
97.55923,96.86218,-0.6970443725585938
95.67302,94.79808,-0.87493896484375
99.2497,96.27673,-2.9729690551757812
100.0,100.97802,-0.9780197143554688
100.0,97.58648,-2.4135208129882812
100.0,100.15634,-0.156341552734375
100.0,98.85523,-1.1447677612304688
100.0,101.381424,-1.3814239501953125
95.114075,93.59385,-1.5202255249023438
99.556915,96.958755,-2.5981597900390625
92.93122,93.41719,-0.48596954345703125
91.54238,90.42262,-1.1197586059570312
99.62543,96.67525,-2.9501800537109375
96.00745,95.19049,-0.81695556640625
93.93096,93.43277,-0.49819183349609375
96.07331,96.414,-0.34069061279296875
100.0,98.06697,-1.9330291748046875
100.0,99.26435,-0.7356491088867188
98.510605,98.59231,-0.08170318603515625
91.9802,88.39795,-3.5822525024414062
93.98818,95.76485,-1.7766647338867188
100.0,101.621956,-1.6219558715820312
90.990456,95.299065,-4.3086090087890625
97.364494,99.3846,-2.0201034545898438
96.770775,98.986435,-2.2156600952148438
97.11134,100.10791,-2.9965667724609375
100.0,101.921646,-1.9216461181640625
93.88074,96.62432,-2.7435836791992188
100.0,101.65829,-1.6582870483398438
99.113556,97.05649,-2.05706787109375
100.0,101.16615,-1.1661529541015625
93.25871,96.71423,-3.4555206298828125
100.0,96.22543,-3.774566650390625
93.46059,92.06062,-1.39996337890625
100.0,102.39671,-2.3967132568359375
93.96585,96.46563,-2.4997787475585938
96.8258,96.38399,-0.44181060791015625
98.90615,100.33919,-1.4330368041992188
97.81736,99.031044,-1.21368408203125
100.0,103.8869,-3.88690185546875
100.0,104.77783,-4.77783203125
93.3539,96.528046,-3.1741485595703125
93.63094,92.31211,-1.3188323974609375
100.0,97.11167,-2.8883285522460938
100.0,102.79008,-2.7900772094726562
100.0,100.328705,-0.328704833984375
99.607925,102.18349,-2.5755615234375
100.0,106.20998,-6.2099761962890625
100.0,104.11392,-4.113922119140625
100.0,103.135956,-3.135955810546875
100.0,101.482376,-1.4823760986328125
100.0,101.426056,-1.426055908203125
100.0,100.09709,-0.0970916748046875
100.0,94.63282,-5.367179870605469
96.63594,96.11362,-0.5223236083984375
100.0,97.482025,-2.517974853515625
94.0952,93.73536,-0.35984039306640625
97.91894,101.595245,-3.6763076782226562
93.1049,98.31555,-5.210655212402344
100.0,100.186615,-0.186614990234375
100.0,102.539925,-2.5399246215820312
97.34098,101.78992,-4.448936462402344
95.279495,95.890594,-0.6110992431640625
100.0,96.93753,-3.062469482421875
100.0,101.9628,-1.962799072265625
100.0,102.042496,-2.0424957275390625
99.51386,98.86418,-0.6496810913085938
100.0,97.950615,-2.0493850708007812
98.44917,99.17995,-0.73077392578125
100.0,101.35043,-1.350433349609375
94.758484,100.76272,-6.004234313964844
100.0,97.54556,-2.454437255859375
98.0938,95.972244,-2.1215591430664062
100.0,103.04219,-3.0421905517578125
98.689026,100.55942,-1.870391845703125
100.0,98.59508,-1.4049224853515625
100.0,99.75757,-0.242431640625
99.89006,106.75372,-6.8636627197265625
100.0,100.65277,-0.65277099609375
100.0,98.97002,-1.0299835205078125
100.0,102.930725,-2.93072509765625
94.66193,103.287895,-8.625968933105469
100.0,100.64389,-0.643890380859375
100.0,102.535034,-2.5350341796875
100.0,100.58062,-0.5806198120117188
100.0,99.926865,-0.0731353759765625
100.0,100.20656,-0.2065582275390625
100.0,100.850555,-0.850555419921875
100.0,102.60158,-2.6015777587890625
100.0,103.83744,-3.8374404907226562
100.0,101.28932,-1.2893218994140625
100.0,101.76296,-1.7629623413085938
93.81879,94.882034,-1.0632476806640625
95.273834,96.11568,-0.8418426513671875
100.0,102.27171,-2.2717132568359375
100.0,101.22833,-1.22833251953125
98.38283,101.67241,-3.289581298828125
100.0,99.38424,-0.6157608032226562
100.0,96.94246,-3.0575408935546875
100.0,98.444336,-1.5556640625
100.0,98.41487,-1.5851287841796875
89.63112,86.62045,-3.0106658935546875
97.087906,94.48305,-2.6048583984375
100.0,99.69799,-0.30200958251953125
97.83123,98.21991,-0.38867950439453125
96.25182,97.46474,-1.2129135131835938
100.0,99.77789,-0.22210693359375
95.016525,95.14641,-0.1298828125
99.4184,98.71084,-0.7075653076171875
91.94931,95.17679,-3.22747802734375
97.10353,95.34436,-1.7591705322265625
100.0,102.03241,-2.03240966796875
100.0,100.29149,-0.2914886474609375
96.120735,96.59274,-0.47200775146484375
93.36665,99.77286,-6.4062042236328125
100.0,102.597305,-2.5973052978515625
98.00575,96.07893,-1.92681884765625
100.0,98.65625,-1.34375
95.42831,94.08742,-1.3408889770507812
94.45952,96.7887,-2.3291778564453125
100.0,100.14458,-0.1445770263671875
100.0,97.3086,-2.6913986206054688
100.0,95.46605,-4.5339508056640625
100.0,96.52756,-3.472442626953125
100.0,99.56891,-0.43109130859375
95.524185,95.565,-0.0408172607421875
96.18678,97.31323,-1.1264495849609375
93.61577,96.27648,-2.6607131958007812
97.265625,96.65695,-0.608673095703125
94.4971,96.07611,-1.579010009765625
94.93154,94.01309,-0.9184494018554688
100.0,96.64476,-3.3552398681640625
98.3808,98.08937,-0.2914276123046875
94.10068,96.712685,-2.6120071411132812
95.412,97.27405,-1.8620452880859375
97.086845,94.94852,-2.1383285522460938
100.0,96.49363,-3.5063705444335938
100.0,100.52139,-0.521392822265625
97.68614,95.04887,-2.6372756958007812
93.33042,92.64188,-0.6885452270507812
95.06806,94.556885,-0.5111770629882812
100.0,102.526436,-2.5264358520507812
93.26914,96.98904,-3.7198944091796875
93.08144,91.878006,-1.2034378051757812
95.102196,92.72169,-2.3805084228515625
100.0,97.9859,-2.01409912109375
100.0,98.41907,-1.5809326171875
98.84379,95.4684,-3.3753890991210938
100.0,99.72226,-0.277740478515625
100.0,98.93733,-1.0626678466796875
94.22227,89.379944,-4.842323303222656
98.02963,95.77947,-2.2501602172851562
94.952225,94.60322,-0.34900665283203125
99.22691,94.798515,-4.428398132324219
96.06091,95.70526,-0.35565185546875
94.64153,93.04588,-1.5956497192382812
99.8833,99.16182,-0.7214813232421875
94.37624,93.82999,-0.5462570190429688
92.94844,90.742035,-2.2064056396484375
94.7901,94.06282,-0.7272796630859375
100.0,99.986404,-0.0135955810546875
100.0,104.138725,-4.138725280761719
100.0,99.646355,-0.35364532470703125
97.90115,95.0411,-2.8600540161132812
93.13177,94.721375,-1.5896072387695312
92.45495,94.49948,-2.0445327758789062
92.41146,92.36305,-0.04840850830078125
94.52522,95.19788,-0.6726608276367188
100.0,102.09531,-2.095306396484375
94.93006,92.80592,-2.1241378784179688
96.63931,93.939514,-2.699798583984375
95.12905,95.420074,-0.29102325439453125
98.865456,101.80762,-2.9421615600585938
100.0,99.86844,-0.131561279296875
92.99651,99.90765,-6.911140441894531
100.0,101.52739,-1.5273895263671875
100.0,98.219635,-1.780364990234375
100.0,99.12167,-0.878326416015625
98.0821,94.24487,-3.8372268676757812
95.42501,96.968735,-1.5437240600585938
100.0,103.26902,-3.2690200805664062
99.635155,98.27139,-1.3637619018554688
94.35783,98.28604,-3.9282150268554688
100.0,102.49744,-2.4974365234375
92.522026,95.47685,-2.9548263549804688
92.20826,93.62021,-1.4119491577148438
98.27777,95.81941,-2.4583587646484375
96.18527,93.847115,-2.3381576538085938
100.0,99.610565,-0.389434814453125
92.49085,90.6492,-1.8416519165039062
92.47778,91.65733,-0.8204498291015625
96.98333,96.706474,-0.27685546875
93.73821,89.61731,-4.120903015136719
92.51406,92.74306,-0.22899627685546875
99.46505,93.39139,-6.073661804199219
93.70718,92.72908,-0.9780960083007812
100.0,99.80958,-0.19042205810546875
95.874214,96.93533,-1.0611190795898438
94.890816,92.58695,-2.303863525390625
99.68971,95.95722,-3.7324905395507812
100.0,99.40727,-0.5927276611328125
96.89395,96.5078,-0.3861541748046875
92.50103,90.162186,-2.3388442993164062
99.323845,92.77234,-6.551506042480469
100.0,96.70131,-3.2986907958984375
100.0,96.793015,-3.2069854736328125
92.78318,90.57262,-2.2105636596679688
95.86127,94.48804,-1.37322998046875
90.8904,88.84003,-2.0503768920898438
94.10138,93.253296,-0.84808349609375
93.768394,94.197495,-0.42910003662109375
96.96964,94.174,-2.7956390380859375
93.566315,94.54462,-0.978302001953125
94.63682,95.37069,-0.7338714599609375
97.70723,96.41736,-1.2898712158203125
100.0,97.88701,-2.1129913330078125
92.55556,90.576805,-1.9787521362304688
100.0,98.62268,-1.3773193359375
95.09906,93.596985,-1.5020751953125
100.0,98.086105,-1.9138946533203125
95.82074,93.99077,-1.8299713134765625
92.50032,91.42285,-1.0774688720703125
93.106705,90.47927,-2.6274337768554688
99.363945,93.61735,-5.7465972900390625
95.36818,91.65407,-3.714111328125
99.22281,95.90102,-3.3217926025390625
95.31019,95.29935,-0.01084136962890625
94.774925,89.17134,-5.603584289550781
100.0,95.68193,-4.3180694580078125
95.20411,94.36577,-0.8383407592773438
92.13082,91.26511,-0.8657150268554688
93.27295,93.714905,-0.44195556640625
94.03777,92.85739,-1.1803817749023438
92.97297,94.39312,-1.4201507568359375
92.31833,93.0297,-0.7113723754882812
92.015915,94.92958,-2.913665771484375
97.67579,97.08267,-0.5931167602539062
98.80693,97.27948,-1.5274505615234375
100.0,97.846504,-2.1534957885742188
95.12446,91.981476,-3.1429824829101562
91.63405,90.86782,-0.7662277221679688
98.35444,97.2382,-1.116241455078125
94.31873,95.69412,-1.3753890991210938
95.84557,95.39371,-0.45186614990234375
92.40601,92.58701,-0.180999755859375
98.207466,95.165596,-3.0418701171875
94.537315,96.11884,-1.5815277099609375
94.64243,94.38455,-0.25788116455078125
96.37834,93.46553,-2.912811279296875
94.530716,95.09448,-0.5637664794921875
92.895134,92.50778,-0.38735198974609375
98.96582,97.508194,-1.4576263427734375
96.67879,95.467964,-1.2108230590820312
99.69148,96.94211,-2.7493743896484375
93.38442,93.29749,-0.0869293212890625
96.077866,95.36037,-0.717498779296875
100.0,100.88858,-0.888580322265625
96.81886,95.419075,-1.3997879028320312
96.27419,94.04091,-2.2332839965820312
93.84463,91.56337,-2.2812576293945312
100.0,97.36986,-2.6301422119140625
92.815186,93.82169,-1.0065078735351562
92.805176,93.98389,-1.1787109375
99.50888,94.405945,-5.102935791015625
100.0,97.06172,-2.9382781982421875
94.22108,95.22326,-1.0021820068359375
92.930305,90.71611,-2.2141952514648438
100.0,99.78821,-0.2117919921875
95.74364,97.15347,-1.4098358154296875
96.570305,97.49833,-0.9280242919921875
94.66156,96.42908,-1.76751708984375
94.328964,94.67485,-0.34588623046875
99.75968,99.58859,-0.17108917236328125
93.807976,95.70246,-1.8944854736328125
95.93116,97.80983,-1.8786697387695312
95.33728,97.74715,-2.4098663330078125
98.37169,98.22969,-0.141998291015625
100.0,98.30462,-1.6953811645507812
98.5074,95.80261,-2.7047882080078125
92.7346,96.1017,-3.3671035766601562
96.90572,98.80712,-1.901397705078125
98.03492,97.65291,-0.38201141357421875
97.477295,100.055954,-2.5786590576171875
95.116325,98.50315,-3.3868255615234375
96.42617,96.17344,-0.2527313232421875
92.66584,94.97095,-2.3051071166992188
93.698586,95.53978,-1.8411941528320312
97.05118,98.026276,-0.97509765625
100.0,99.31888,-0.681121826171875
97.03909,97.189896,-0.1508026123046875
100.0,98.24646,-1.7535400390625
100.0,100.680954,-0.6809539794921875
98.42629,97.14241,-1.2838821411132812
99.36997,97.820465,-1.5495071411132812
97.70883,94.7953,-2.9135284423828125
100.0,98.09719,-1.9028091430664062
98.27814,97.71213,-0.566009521484375
94.81016,93.113754,-1.6964035034179688
100.0,99.07062,-0.92938232421875
96.92523,95.82683,-1.0984039306640625
97.01925,97.577774,-0.5585250854492188
96.20451,97.331566,-1.1270523071289062
95.36316,98.21004,-2.8468780517578125
100.0,98.111176,-1.888824462890625
93.922104,95.04411,-1.12200927734375
100.0,98.23264,-1.7673568725585938
97.947296,96.6601,-1.2871932983398438
95.70121,96.44475,-0.7435379028320312
100.0,98.94327,-1.056732177734375
97.14452,100.11455,-2.9700241088867188
95.93828,93.94363,-1.9946517944335938
94.120514,92.43709,-1.6834259033203125
100.0,100.21486,-0.2148590087890625
96.452,93.38794,-3.0640640258789062
100.0,99.05879,-0.9412078857421875
100.0,99.547676,-0.45232391357421875
100.0,97.44426,-2.5557403564453125
100.0,96.58296,-3.4170379638671875
96.74824,95.96074,-0.7874984741210938
99.38027,98.162994,-1.2172775268554688
98.89138,97.786316,-1.1050643920898438
100.0,99.34349,-0.6565093994140625
100.0,96.4868,-3.5131988525390625
99.181946,96.60931,-2.5726394653320312
100.0,98.742546,-1.2574539184570312
100.0,99.5385,-0.4615020751953125
100.0,99.60133,-0.3986663818359375
100.0,97.25775,-2.74224853515625
100.0,99.230606,-0.7693939208984375
99.40023,92.475266,-6.924964904785156
100.0,99.045944,-0.9540557861328125
96.961685,94.92926,-2.0324249267578125
98.16766,96.89719,-1.270477294921875
100.0,100.587845,-0.5878448486328125
100.0,100.49295,-0.492950439453125
100.0,96.5034,-3.4965972900390625
94.899765,100.98767,-6.0879058837890625
98.28073,86.20549,-12.075241088867188
100.0,96.87122,-3.1287765502929688
93.77647,97.92302,-4.146553039550781
95.81937,98.65015,-2.830780029296875
100.0,100.6057,-0.6056976318359375
94.79206,94.0802,-0.7118606567382812
100.0,98.6573,-1.3426971435546875
100.0,98.32977,-1.67022705078125
99.11768,96.19032,-2.9273605346679688
100.0,102.374435,-2.3744354248046875
98.596565,100.95389,-2.3573226928710938
95.6163,99.30226,-3.6859588623046875
99.24119,97.18059,-2.0606002807617188
100.0,104.61464,-4.6146392822265625
100.0,96.88546,-3.1145401000976562
100.0,102.921875,-2.921875
94.87738,99.13849,-4.2611083984375
100.0,93.5626,-6.437400817871094
100.0,101.0186,-1.0186004638671875
96.37234,93.054214,-3.3181228637695312
94.06828,95.201996,-1.1337127685546875
100.0,101.4834,-1.4833984375
100.0,99.994446,-0.00555419921875
100.0,100.99228,-0.992279052734375
96.98519,96.81613,-0.16905975341796875
100.0,97.08649,-2.91351318359375
96.59994,89.44191,-7.158027648925781
100.0,100.41904,-0.419036865234375
96.423164,98.890656,-2.4674911499023438
98.36939,99.945755,-1.5763626098632812
100.0,101.57229,-1.5722885131835938
97.080284,101.28992,-4.209632873535156
94.02112,93.71353,-0.307586669921875
96.15615,92.12287,-4.0332794189453125
96.58006,93.77721,-2.8028564453125
100.0,100.26393,-0.2639312744140625
100.0,103.792755,-3.792755126953125
98.414536,98.09276,-0.32177734375
100.0,103.323944,-3.323944091796875
100.0,95.9399,-4.060096740722656
97.66475,92.88123,-4.783515930175781
100.0,100.357254,-0.3572540283203125
99.95608,99.0336,-0.9224777221679688
100.0,99.79872,-0.2012786865234375
100.0,97.21869,-2.78131103515625
96.26914,91.31689,-4.9522552490234375
100.0,98.44928,-1.55072021484375
95.77919,90.89455,-4.8846435546875
98.13778,95.411064,-2.726715087890625
97.92922,92.016174,-5.913047790527344
93.586235,92.25578,-1.3304519653320312
100.0,97.55068,-2.4493179321289062
97.06244,97.21115,-0.148712158203125
94.760025,98.198105,-3.438079833984375
92.80909,92.12528,-0.683807373046875
94.58344,96.6308,-2.0473556518554688
100.0,93.12627,-6.8737335205078125
100.0,91.68024,-8.31976318359375
95.95579,99.80178,-3.8459930419921875
98.532845,92.11872,-6.41412353515625
92.56764,87.87106,-4.6965789794921875
100.0,98.56778,-1.432220458984375
98.35836,94.8126,-3.5457611083984375
98.0378,95.49366,-2.5441436767578125
100.0,96.90049,-3.0995101928710938
100.0,91.23732,-8.762680053710938
97.5905,98.66362,-1.0731201171875
100.0,99.09689,-0.903106689453125
100.0,100.7054,-0.7053985595703125
100.0,97.43157,-2.5684280395507812
99.71482,95.41794,-4.296882629394531
97.19823,87.36064,-9.83758544921875
100.0,102.46093,-2.4609298706054688
100.0,95.63585,-4.3641510009765625
100.0,101.14583,-1.1458282470703125
100.0,93.80687,-6.1931304931640625
96.89601,91.54448,-5.351531982421875
97.987236,100.248764,-2.2615280151367188
91.76,86.69691,-5.0630950927734375
94.50599,94.53625,-0.0302581787109375
95.12172,91.695786,-3.425933837890625
92.834045,96.321754,-3.4877090454101562
96.109955,94.21762,-1.892333984375
93.76282,92.86256,-0.9002609252929688
98.14314,95.20572,-2.9374237060546875
94.91819,93.39642,-1.5217666625976562
95.267815,92.53199,-2.7358245849609375
93.75633,93.77408,-0.0177459716796875
94.16515,91.14921,-3.0159454345703125
94.87757,94.72746,-0.15010833740234375
96.934654,95.41211,-1.5225448608398438
91.674995,89.819626,-1.8553695678710938
92.30798,94.32374,-2.0157546997070312
93.63761,94.44222,-0.8046112060546875
98.06088,96.019196,-2.04168701171875
95.73515,95.02844,-0.7067108154296875
95.395065,95.229004,-0.1660614013671875
93.5736,92.996124,-0.5774765014648438
95.155846,95.201965,-0.04611968994140625
94.97108,94.20229,-0.7687835693359375
95.680275,93.8846,-1.7956771850585938
97.575134,97.370865,-0.2042694091796875
100.0,98.35408,-1.6459197998046875
95.97512,97.17291,-1.1977920532226562
99.20833,98.24481,-0.9635162353515625
92.18035,92.48208,-0.301727294921875
100.0,100.4491,-0.4490966796875
92.20271,93.355995,-1.1532821655273438
100.0,98.05348,-1.9465179443359375
94.99231,94.52655,-0.46575927734375
97.890236,95.10478,-2.7854537963867188
93.61878,92.98911,-0.629669189453125
95.34837,96.72733,-1.3789596557617188
93.16134,92.95668,-0.20465850830078125
92.2021,91.54229,-0.6598129272460938
94.72617,95.027756,-0.30158233642578125
96.15923,96.56543,-0.40619659423828125
97.02578,93.437,-3.5887832641601562
92.77016,94.25097,-1.4808120727539062
92.73141,96.718094,-3.9866867065429688
94.3124,95.40391,-1.0915069580078125
100.0,98.24202,-1.7579803466796875
96.79044,96.98387,-0.19342803955078125
98.08061,97.777435,-0.3031768798828125
98.20498,97.48068,-0.7242965698242188
96.51045,93.6277,-2.88275146484375
92.059425,94.54155,-2.4821243286132812
96.13418,94.54747,-1.5867080688476562
100.0,100.23085,-0.2308502197265625
95.03706,94.78961,-0.2474517822265625
95.48226,94.64837,-0.833892822265625
97.40603,97.3154,-0.09062957763671875
94.24336,92.11571,-2.127655029296875
100.0,100.0491,-0.049102783203125
96.01793,99.27272,-3.254791259765625
92.5117,91.936905,-0.574798583984375
98.650856,96.22544,-2.4254150390625
93.29437,90.831345,-2.4630279541015625
94.54524,89.59135,-4.953895568847656
92.04723,92.27005,-0.22281646728515625
98.23202,96.65436,-1.5776596069335938
98.193695,96.88403,-1.309661865234375
95.304886,94.11548,-1.1894073486328125
92.47402,89.92098,-2.55303955078125
93.30615,94.45791,-1.1517562866210938
95.34428,96.035,-0.6907272338867188
94.011406,95.09602,-1.0846176147460938
95.88798,97.34514,-1.4571609497070312
96.79044,97.749725,-0.9592819213867188
92.9012,94.553665,-1.6524658203125
95.10055,96.65712,-1.5565719604492188
91.461464,90.131775,-1.3296890258789062
99.09439,97.78226,-1.3121337890625
97.95191,98.14907,-0.1971588134765625
94.08635,95.38542,-1.299072265625
96.82929,98.95054,-2.121246337890625
100.0,100.61786,-0.61785888671875
97.68493,98.295784,-0.6108551025390625
92.33967,94.35962,-2.0199508666992188
94.5092,92.80777,-1.7014312744140625
95.24138,95.73143,-0.49005126953125
96.97716,98.4803,-1.503143310546875
92.747826,95.83579,-3.0879669189453125
92.60155,91.70276,-0.8987884521484375
100.0,98.281136,-1.7188644409179688
98.10894,99.2342,-1.1252593994140625
100.0,102.36394,-2.3639373779296875
94.32964,93.75931,-0.5703353881835938
94.961586,94.510605,-0.45098114013671875
94.74206,94.96349,-0.221435546875
93.70909,93.88748,-0.1783905029296875
94.94769,96.23268,-1.2849884033203125
98.26483,98.18361,-0.0812225341796875
93.0403,96.28693,-3.2466278076171875
93.095314,94.20934,-1.1140289306640625
97.6813,96.79683,-0.8844680786132812
100.0,107.127426,-7.1274261474609375
100.0,100.4902,-0.49019622802734375
100.0,99.647095,-0.3529052734375
100.0,100.88807,-0.8880691528320312
100.0,98.97146,-1.0285415649414062
100.0,103.8216,-3.8216018676757812
94.15732,97.183586,-3.0262680053710938
100.0,99.42857,-0.5714263916015625
97.93777,100.57124,-2.6334762573242188
100.0,102.04821,-2.0482101440429688
100.0,100.25658,-0.2565765380859375
95.075356,96.47954,-1.4041824340820312
99.62151,99.85527,-0.23375701904296875
100.0,98.53244,-1.467559814453125
100.0,100.10986,-0.10986328125
97.04992,100.99827,-3.9483489990234375
100.0,103.767365,-3.767364501953125
100.0,99.71785,-0.2821502685546875
96.65362,99.15941,-2.5057907104492188
100.0,97.39308,-2.6069183349609375
100.0,100.536896,-0.536895751953125
100.0,103.872284,-3.872283935546875
99.117714,99.99667,-0.8789596557617188
100.0,102.94683,-2.9468307495117188
97.641716,97.81061,-0.16889190673828125
100.0,99.212296,-0.7877044677734375
100.0,103.4536,-3.4535980224609375
94.97518,96.16092,-1.1857376098632812
100.0,104.944855,-4.944854736328125
100.0,100.61322,-0.61322021484375
94.312416,91.633514,-2.6789016723632812
94.89974,91.32971,-3.5700302124023438
100.0,103.590645,-3.5906448364257812
100.0,101.69014,-1.6901397705078125
100.0,107.12863,-7.128631591796875
100.0,104.78911,-4.7891082763671875
99.35219,99.39139,-0.0391998291015625
100.0,99.397385,-0.6026153564453125
100.0,103.120804,-3.1208038330078125
93.79143,97.878525,-4.08709716796875
100.0,105.75728,-5.7572784423828125
93.03358,93.39696,-0.36338043212890625
100.0,103.82205,-3.822052001953125
95.851265,95.22394,-0.6273269653320312
96.4381,96.64847,-0.21036529541015625
100.0,98.58919,-1.4108123779296875
97.93859,99.78147,-1.8428802490234375
91.696724,90.99103,-0.7056961059570312
95.902504,99.44035,-3.5378494262695312
100.0,102.54547,-2.54547119140625
98.14059,104.40426,-6.263671875
100.0,104.06927,-4.069267272949219
100.0,103.9482,-3.9481964111328125
93.90658,94.710266,-0.8036880493164062
100.0,102.7259,-2.7258987426757812
100.0,106.56162,-6.561622619628906
100.0,100.56741,-0.567413330078125
100.0,106.03216,-6.032157897949219
98.26911,101.04352,-2.7744064331054688
100.0,107.365005,-7.3650054931640625
100.0,106.08344,-6.083442687988281
98.94782,100.62834,-1.6805191040039062
94.2137,98.79196,-4.5782623291015625
100.0,101.107025,-1.107025146484375
95.58863,98.90097,-3.3123397827148438
100.0,103.59437,-3.5943679809570312
95.1516,98.27217,-3.1205673217773438
100.0,103.23363,-3.2336273193359375
95.59798,97.74892,-2.15093994140625
93.41725,100.380684,-6.963432312011719
98.17236,101.048965,-2.8766021728515625
95.98613,100.262535,-4.276405334472656
98.66382,103.425705,-4.7618865966796875
100.0,110.00746,-10.007461547851562
93.2476,98.88067,-5.6330718994140625
100.0,105.50462,-5.5046234130859375
100.0,101.304184,-1.3041839599609375
98.30714,101.77795,-3.4708099365234375
97.65386,101.530716,-3.8768539428710938
96.820244,97.20864,-0.388397216796875
100.0,102.9962,-2.9962005615234375
93.12689,98.2923,-5.1654052734375
97.88358,103.31472,-5.4311370849609375
97.52028,102.072754,-4.5524749755859375
98.34896,100.15357,-1.8046112060546875
95.83357,100.124565,-4.290992736816406
93.14347,94.64406,-1.5005874633789062
97.47349,99.6774,-2.2039108276367188
94.47686,99.81125,-5.334388732910156
100.0,104.16753,-4.1675262451171875
99.61793,103.00535,-3.387420654296875
97.61863,95.76813,-1.8505020141601562
97.52165,98.76936,-1.247711181640625
100.0,101.04511,-1.0451126098632812
96.55563,99.67997,-3.1243362426757812
95.23897,95.96921,-0.7302398681640625
93.00824,96.80344,-3.795196533203125
95.56615,101.3251,-5.7589569091796875
100.0,103.23544,-3.235443115234375
93.91055,97.731,-3.8204498291015625
95.11131,96.15579,-1.0444793701171875
98.988335,97.646164,-1.3421707153320312
100.0,110.22017,-10.220169067382812
91.92162,96.798935,-4.877311706542969
100.0,106.33089,-6.3308868408203125
100.0,104.95767,-4.957672119140625
100.0,74.50052,-25.499481201171875
95.1539,93.153786,-2.0001144409179688
92.92287,90.80012,-2.1227493286132812
93.49306,95.60829,-2.115234375
95.83929,94.46882,-1.3704681396484375
96.67779,96.05395,-0.62384033203125
97.27058,93.94164,-3.3289337158203125
93.58703,91.04463,-2.5423965454101562
93.434166,92.61141,-0.82275390625
97.81509,103.43695,-5.621864318847656
96.314026,97.59589,-1.2818603515625
93.202805,93.25455,-0.0517425537109375
100.0,102.37703,-2.3770294189453125
92.09067,93.5051,-1.4144287109375
100.0,99.18771,-0.812286376953125
93.792366,96.513565,-2.7211990356445312
100.0,102.46004,-2.4600372314453125
97.018745,96.66906,-0.3496856689453125
100.0,98.40509,-1.59490966796875
96.992645,95.616776,-1.3758697509765625
95.484825,96.21103,-0.7262039184570312
100.0,100.308304,-0.3083038330078125
100.0,85.517075,-14.482925415039062
100.0,86.41557,-13.584426879882812
100.0,95.644806,-4.355194091796875
97.69328,96.64868,-1.0446014404296875
100.0,99.21423,-0.7857666015625
95.68951,90.133606,-5.555900573730469
100.0,100.37878,-0.37877655029296875
100.0,96.638535,-3.3614654541015625
99.640625,98.28169,-1.3589324951171875
100.0,97.83956,-2.1604385375976562
96.813446,94.50486,-2.3085861206054688
95.88118,98.49037,-2.60919189453125
100.0,99.694534,-0.3054656982421875
95.41616,95.00459,-0.41156768798828125
95.22939,94.84808,-0.38130950927734375
100.0,99.830414,-0.169586181640625
98.76742,97.24562,-1.5217971801757812
96.33672,94.92035,-1.4163742065429688
100.0,101.111824,-1.1118240356445312
100.0,100.465385,-0.46538543701171875
95.42914,95.406975,-0.02216339111328125
98.697945,97.71073,-0.987213134765625
92.943306,94.50772,-1.5644149780273438
97.05584,95.205635,-1.8502044677734375
99.58882,98.08925,-1.49957275390625
100.0,98.288055,-1.711944580078125
100.0,100.11549,-0.1154937744140625
99.93494,97.76773,-2.167205810546875
100.0,100.91124,-0.9112396240234375
100.0,99.49797,-0.5020294189453125
100.0,97.693085,-2.306915283203125
97.074036,97.368546,-0.2945098876953125
100.0,98.51044,-1.48956298828125
95.98609,95.38078,-0.6053085327148438
100.0,99.01558,-0.9844207763671875
100.0,98.87063,-1.1293716430664062
98.3192,93.99223,-4.32696533203125
98.51502,97.51201,-1.0030136108398438
98.20144,98.75671,-0.555267333984375
100.0,99.0849,-0.91510009765625
100.0,98.46547,-1.5345306396484375
97.72075,96.19435,-1.526397705078125
94.48043,94.43611,-0.04431915283203125
99.48362,98.01953,-1.4640884399414062
99.74551,94.19884,-5.546669006347656
100.0,99.79408,-0.2059173583984375
100.0,99.76203,-0.23796844482421875
100.0,99.28786,-0.7121429443359375
100.0,101.691666,-1.6916656494140625
93.91166,95.793594,-1.8819351196289062
98.9009,96.99329,-1.9076080322265625
97.71542,98.086624,-0.3712005615234375
94.967964,97.18449,-2.216522216796875
100.0,98.68862,-1.3113784790039062
94.41218,94.26928,-0.1428985595703125
97.93223,94.48018,-3.4520492553710938
98.78829,97.77202,-1.0162734985351562
100.0,99.968216,-0.0317840576171875
100.0,99.02452,-0.9754791259765625
97.9774,100.11385,-2.1364517211914062
100.0,99.95561,-0.0443878173828125
100.0,98.825676,-1.1743240356445312
100.0,97.331,-2.6689987182617188
100.0,96.675224,-3.3247756958007812
96.85955,96.12522,-0.7343292236328125
95.96576,93.87991,-2.085845947265625
98.110916,95.85602,-2.2548980712890625
94.777016,95.140015,-0.36299896240234375
93.707756,95.55684,-1.8490829467773438
97.94005,98.364555,-0.42450714111328125
100.0,100.172226,-0.1722259521484375
95.79432,98.61632,-2.8219985961914062
95.32051,97.02296,-1.7024459838867188
95.89874,96.90805,-1.009307861328125
92.1694,89.04982,-3.1195831298828125
91.29325,88.99062,-2.3026275634765625
92.8736,93.04973,-0.1761322021484375
95.5366,92.22052,-3.3160781860351562
92.46252,91.092834,-1.3696823120117188
98.89565,94.65523,-4.240425109863281
92.814964,88.170364,-4.644599914550781
97.82873,95.56283,-2.265899658203125
93.55979,95.687195,-2.1274032592773438
93.287865,92.60068,-0.6871871948242188
93.84395,92.78595,-1.0579986572265625
95.43086,91.89783,-3.5330352783203125
93.495674,92.13847,-1.3572006225585938
100.0,94.88623,-5.11376953125
96.422485,93.87334,-2.5491485595703125
95.2167,91.80226,-3.4144363403320312
97.64657,91.0488,-6.597770690917969
91.37393,90.115524,-1.2584075927734375
92.425385,87.4839,-4.9414825439453125
92.32297,92.06399,-0.25897979736328125
92.908356,92.78116,-0.127197265625
92.14481,87.828766,-4.316047668457031
91.86362,87.65306,-4.2105560302734375
94.39507,93.22415,-1.1709213256835938
97.1174,90.47326,-6.644142150878906
93.70165,91.069626,-2.6320266723632812
90.91506,88.27378,-2.6412811279296875
92.091446,88.36435,-3.7270965576171875
95.46714,90.26121,-5.2059326171875
91.2807,86.553925,-4.726776123046875
93.54942,92.2796,-1.2698211669921875
96.058876,91.27179,-4.787086486816406
93.27059,93.0816,-0.188995361328125
91.57682,89.37045,-2.2063674926757812
91.41637,88.19214,-3.2242279052734375
93.05285,86.518486,-6.53436279296875
94.2823,90.31441,-3.9678955078125
92.69339,85.786415,-6.906974792480469
91.61015,88.05565,-3.55450439453125
91.75413,91.410736,-0.34339141845703125
94.544785,90.65497,-3.8898162841796875
94.87139,89.28938,-5.582008361816406
92.6187,87.81798,-4.80072021484375
91.11139,87.833755,-3.2776336669921875
92.30159,91.82608,-0.4755096435546875
97.097336,92.1259,-4.971435546875
91.12816,92.672165,-1.54400634765625
94.9605,88.71647,-6.2440338134765625
93.951546,88.41287,-5.538673400878906
91.04118,90.1257,-0.9154815673828125
94.35211,91.712585,-2.6395263671875
92.22531,88.88025,-3.345062255859375
93.47031,88.13858,-5.33172607421875
92.74616,89.25579,-3.4903717041015625
91.39722,92.47506,-1.0778427124023438
92.42172,95.020706,-2.5989837646484375
95.22547,89.97325,-5.252220153808594
95.78299,91.124466,-4.6585235595703125
93.53734,89.80989,-3.727447509765625
93.27126,92.16623,-1.1050338745117188
94.89456,90.90408,-3.990478515625
91.841354,87.206985,-4.634368896484375
91.66313,88.70468,-2.9584503173828125
99.571434,94.30444,-5.266990661621094
93.724846,90.25778,-3.4670639038085938
92.75067,93.0178,-0.26712799072265625
97.97828,95.999695,-1.9785842895507812
93.03478,89.41504,-3.6197433471679688
91.812584,91.24668,-0.5659027099609375
93.776985,92.78586,-0.9911270141601562
95.183914,91.793304,-3.3906097412109375
91.10564,83.25035,-7.85528564453125
91.79864,89.299515,-2.4991226196289062
92.45834,91.06144,-1.3969039916992188
92.17172,89.67901,-2.4927139282226562
92.956635,91.68925,-1.2673873901367188
92.579414,89.221466,-3.3579483032226562
91.686584,90.41551,-1.2710723876953125
92.171555,94.5547,-2.383148193359375
98.00485,96.05013,-1.9547195434570312
91.65694,96.09996,-4.443023681640625
90.70905,93.07877,-2.369720458984375
100.0,101.44376,-1.4437637329101562
99.7191,101.75958,-2.0404815673828125
100.0,99.43467,-0.5653305053710938
94.169,98.53165,-4.362648010253906
100.0,100.97273,-0.9727325439453125
95.783165,100.334656,-4.551490783691406
95.15176,101.01828,-5.866523742675781
100.0,99.94121,-0.0587921142578125
97.780266,101.03822,-3.2579574584960938
100.0,104.701996,-4.701995849609375
95.18509,93.55086,-1.6342315673828125
96.18422,96.2508,-0.06658172607421875
94.75483,93.742386,-1.0124435424804688
96.18794,97.323265,-1.1353225708007812
100.0,100.89955,-0.8995513916015625
93.01602,96.696686,-3.6806640625
99.677795,97.83496,-1.84283447265625
95.708206,97.99547,-2.287261962890625
100.0,97.10191,-2.8980865478515625
100.0,99.24084,-0.7591629028320312
100.0,99.49865,-0.5013504028320312
97.546295,98.35237,-0.8060760498046875
94.30315,95.20824,-0.90509033203125
97.837006,96.89377,-0.9432373046875
99.760506,97.721146,-2.0393600463867188
94.76764,98.05969,-3.29205322265625
96.23388,91.267914,-4.965965270996094
100.0,100.11488,-0.1148834228515625
96.103165,95.34709,-0.756072998046875
100.0,98.96681,-1.0331878662109375
92.9275,92.52614,-0.40135955810546875
100.0,99.9216,-0.078399658203125
94.830376,95.98434,-1.153961181640625
97.80321,95.510574,-2.292633056640625
100.0,101.60368,-1.6036834716796875
92.56841,91.49005,-1.0783615112304688
97.34671,98.73639,-1.389678955078125
96.11712,95.240555,-0.8765640258789062
97.911026,96.83815,-1.0728759765625
95.805756,92.660934,-3.1448211669921875
92.440025,87.87941,-4.560615539550781
94.7578,94.685646,-0.07215118408203125
92.91934,91.24006,-1.6792831420898438
99.324356,99.751976,-0.42761993408203125
100.0,104.801605,-4.801605224609375
98.61246,94.901184,-3.711273193359375
91.603966,97.18396,-5.579994201660156
91.18237,92.50581,-1.3234405517578125
98.305084,94.380356,-3.9247283935546875
93.84097,93.79669,-0.044281005859375
100.0,97.6258,-2.3741989135742188
92.36542,87.2855,-5.079917907714844
95.13944,94.150375,-0.9890670776367188
100.0,102.00273,-2.0027313232421875
100.0,98.54681,-1.4531936645507812
100.0,96.26355,-3.7364501953125
95.90978,95.26645,-0.6433334350585938
92.66385,94.37286,-1.709014892578125
100.0,100.56465,-0.5646514892578125
100.0,98.95886,-1.0411376953125
100.0,98.931694,-1.0683059692382812
100.0,100.75705,-0.757049560546875
100.0,101.51531,-1.5153121948242188
95.01405,92.478714,-2.53533935546875
96.5008,92.75513,-3.7456741333007812
93.60844,93.259094,-0.34934234619140625
94.53379,94.13344,-0.40035247802734375
100.0,95.82797,-4.172027587890625
94.60642,94.15923,-0.4471893310546875
100.0,99.36309,-0.6369094848632812
100.0,98.79039,-1.2096099853515625
94.639534,92.46945,-2.1700820922851562
100.0,100.69594,-0.6959381103515625
93.85193,84.26108,-9.590850830078125
94.457855,94.50397,-0.046112060546875
100.0,100.59273,-0.5927276611328125
100.0,98.77283,-1.2271728515625
100.0,97.61492,-2.3850784301757812
100.0,101.21258,-1.2125778198242188
99.03709,97.47809,-1.5589981079101562
100.0,98.03379,-1.9662094116210938
94.58453,96.043816,-1.4592819213867188
96.53839,97.05403,-0.5156402587890625
98.61581,97.92336,-0.69244384765625
98.07427,95.79288,-2.2813949584960938
100.0,100.49046,-0.4904632568359375
99.41498,96.5141,-2.90087890625
100.0,101.016106,-1.0161056518554688
100.0,98.10888,-1.8911209106445312
92.44225,94.68375,-2.2414932250976562
95.04403,94.8365,-0.20752716064453125
96.535515,97.86937,-1.3338546752929688
92.621315,95.252525,-2.6312103271484375
97.967224,97.31989,-0.6473312377929688
98.11809,98.62976,-0.5116729736328125
96.83237,94.850365,-1.9820022583007812
99.31456,99.12413,-0.1904296875
96.75093,97.01308,-0.26214599609375
93.31697,93.19551,-0.1214599609375
98.9366,97.5358,-1.4008026123046875
95.2241,95.33964,-0.11553955078125
100.0,105.69414,-5.6941375732421875
95.32655,96.347015,-1.0204620361328125
99.7023,98.192825,-1.5094757080078125
100.0,100.14643,-0.14643096923828125
100.0,97.44151,-2.5584869384765625
96.840675,100.19009,-3.3494110107421875
98.39909,98.648285,-0.2491912841796875
100.0,98.82707,-1.1729278564453125
95.67751,96.797226,-1.1197128295898438
98.08016,97.224915,-0.8552474975585938
98.41547,98.66302,-0.24755096435546875
98.54756,98.08657,-0.46099090576171875
96.08628,96.75393,-0.6676483154296875
100.0,100.38019,-0.38018798828125
98.39404,97.11731,-1.2767333984375
95.42275,95.416245,-0.00650787353515625
97.599365,97.83455,-0.2351837158203125
96.61644,95.73563,-0.8808135986328125
93.39744,94.65399,-1.2565536499023438
100.0,101.012146,-1.01214599609375
96.58471,97.27062,-0.6859130859375
93.21262,96.09244,-2.8798141479492188
94.27272,98.77178,-4.499061584472656
95.14932,94.24887,-0.90045166015625
97.0772,98.082275,-1.0050735473632812
96.50191,96.41829,-0.0836181640625
94.3996,100.1369,-5.7373046875
100.0,106.98753,-6.9875335693359375
98.63635,98.21237,-0.423980712890625
100.0,101.1743,-1.1743011474609375
96.98698,97.24672,-0.25974273681640625
100.0,100.38677,-0.38677215576171875
100.0,100.11766,-0.1176605224609375
100.0,100.13728,-0.1372833251953125
98.13658,95.57681,-2.5597686767578125
100.0,98.89384,-1.1061630249023438
99.60751,99.30704,-0.30047607421875
100.0,100.88817,-0.8881683349609375
100.0,99.61899,-0.381011962890625
100.0,100.138824,-0.138824462890625
100.0,98.43367,-1.5663299560546875
99.63783,99.61509,-0.02274322509765625
100.0,96.94183,-3.05816650390625
94.805565,95.29916,-0.49359130859375
100.0,99.22914,-0.7708587646484375
94.828674,97.153946,-2.3252716064453125
92.57968,96.19964,-3.6199569702148438
100.0,99.7905,-0.209503173828125
100.0,97.70917,-2.29083251953125
100.0,100.520645,-0.5206451416015625
100.0,98.885315,-1.11468505859375
100.0,101.14836,-1.1483612060546875
100.0,98.72359,-1.2764129638671875
100.0,100.52348,-0.5234832763671875
94.470634,95.20569,-0.7350540161132812
100.0,101.14052,-1.1405181884765625
97.25783,100.30821,-3.050384521484375
96.70356,99.27739,-2.5738296508789062
93.34488,93.2679,-0.0769805908203125
100.0,98.08342,-1.9165802001953125
97.87133,97.98413,-0.11280059814453125
95.75093,93.74729,-2.0036392211914062
95.88024,92.5264,-3.3538436889648438
100.0,101.22421,-1.224212646484375
95.89793,94.54353,-1.3543930053710938
95.03438,94.35297,-0.6814117431640625
97.456764,97.83993,-0.3831634521484375
92.57231,92.202255,-0.37005615234375
100.0,102.282394,-2.2823944091796875
93.90048,91.31758,-2.5829010009765625
96.69588,95.06607,-1.6298065185546875
89.249306,88.72853,-0.5207748413085938
93.07279,92.91471,-0.1580810546875
93.877,93.0256,-0.8514022827148438
98.229965,96.96782,-1.26214599609375
96.8324,96.38016,-0.452239990234375
100.0,100.03451,-0.03450775146484375
100.0,102.75194,-2.7519378662109375
100.0,98.62732,-1.3726806640625
100.0,95.703705,-4.296295166015625
95.97544,95.61363,-0.36180877685546875
100.0,98.72479,-1.27520751953125
100.0,101.48078,-1.4807815551757812
98.22261,98.48175,-0.2591400146484375
96.45652,96.8333,-0.37677764892578125
93.409325,95.00394,-1.5946121215820312
100.0,97.208954,-2.791046142578125
94.99968,97.30366,-2.3039779663085938
100.0,98.700836,-1.299163818359375
96.21072,95.44191,-0.7688064575195312
94.33405,97.354706,-3.0206527709960938
100.0,101.60788,-1.607879638671875
100.0,99.83696,-0.1630401611328125
100.0,100.48042,-0.4804229736328125
100.0,100.78946,-0.789459228515625
100.0,100.90816,-0.9081573486328125
97.76882,97.55908,-0.20973968505859375
100.0,100.163086,-0.1630859375
91.22902,87.409355,-3.8196640014648438
99.588585,98.988144,-0.6004409790039062
94.0009,97.269394,-3.26849365234375
100.0,98.5228,-1.477203369140625
94.53665,93.087654,-1.4489974975585938
94.77997,96.30986,-1.5298919677734375
94.666824,94.58803,-0.07879638671875
94.03503,92.01817,-2.0168533325195312
100.0,101.41287,-1.412872314453125
93.15161,93.23092,-0.07930755615234375
97.894714,98.7991,-0.904388427734375
100.0,99.86617,-0.13382720947265625
93.95091,93.010254,-0.9406585693359375
99.90787,99.08891,-0.8189544677734375
100.0,101.392426,-1.392425537109375
100.0,101.87774,-1.8777389526367188
94.47271,94.79654,-0.32382965087890625
100.0,97.23866,-2.7613372802734375
100.0,98.70175,-1.298248291015625
100.0,101.134796,-1.134796142578125
100.0,100.25646,-0.25646209716796875
100.0,100.89765,-0.8976516723632812
100.0,98.3246,-1.6753997802734375
100.0,101.75429,-1.7542877197265625
100.0,99.59665,-0.403350830078125
100.0,100.983955,-0.9839553833007812
92.91921,89.460175,-3.4590377807617188
99.03975,98.251175,-0.78857421875
100.0,100.9254,-0.9253997802734375
98.88142,98.49831,-0.38311004638671875
98.295,97.8627,-0.4322967529296875
100.0,99.11891,-0.8810882568359375
95.69825,97.09488,-1.3966293334960938
93.02051,102.056145,-9.035636901855469
100.0,101.6953,-1.6952972412109375
94.01374,94.69354,-0.6798019409179688
100.0,101.0316,-1.0316009521484375
92.99777,95.14287,-2.1450958251953125
93.41186,92.69212,-0.7197341918945312
91.266464,89.12091,-2.1455535888671875
94.11225,98.33626,-4.224006652832031
93.04475,91.132385,-1.9123611450195312
100.0,100.170944,-0.1709442138671875
100.0,105.741646,-5.741645812988281
95.75334,98.06263,-2.3092880249023438
94.62909,96.481544,-1.8524551391601562
100.0,98.619995,-1.3800048828125
97.145546,96.982666,-0.16287994384765625
94.72886,97.219894,-2.4910354614257812
96.19062,95.316086,-0.8745346069335938
100.0,100.038315,-0.0383148193359375
100.0,99.00877,-0.9912261962890625
100.0,102.91797,-2.91796875
95.78491,96.90219,-1.117279052734375
100.0,96.82751,-3.1724929809570312
100.0,101.004814,-1.0048141479492188
100.0,101.55382,-1.5538177490234375
100.0,100.244125,-0.2441253662109375
100.0,103.11006,-3.1100616455078125
100.0,101.785645,-1.78564453125
100.0,101.172775,-1.1727752685546875
100.0,103.95633,-3.956329345703125
100.0,103.49552,-3.4955215454101562
100.0,102.918434,-2.9184341430664062
100.0,99.47964,-0.5203628540039062
100.0,103.658646,-3.6586456298828125
100.0,103.424644,-3.4246444702148438
100.0,100.36144,-0.36144256591796875
100.0,101.31103,-1.3110275268554688
100.0,100.45557,-0.45556640625
100.0,103.3698,-3.3697967529296875
100.0,101.12123,-1.1212310791015625
100.0,98.728546,-1.271453857421875
100.0,101.07687,-1.076873779296875
100.0,98.69838,-1.3016204833984375
100.0,99.85632,-0.1436767578125
100.0,100.3123,-0.3123016357421875
100.0,102.97948,-2.9794769287109375
100.0,99.89769,-0.1023101806640625
100.0,103.91649,-3.9164886474609375
100.0,101.57352,-1.573516845703125
100.0,103.46776,-3.4677581787109375
96.35369,100.04613,-3.6924362182617188
100.0,100.160225,-0.16022491455078125
100.0,102.09851,-2.0985107421875
100.0,98.823235,-1.1767654418945312
100.0,102.49271,-2.492706298828125
100.0,97.03239,-2.9676132202148438
100.0,99.42226,-0.5777435302734375
100.0,102.54979,-2.5497894287109375
100.0,100.567566,-0.56756591796875
100.0,98.17405,-1.8259506225585938
100.0,98.572784,-1.427215576171875
100.0,97.63246,-2.3675384521484375
100.0,97.580215,-2.4197845458984375
99.78036,93.13339,-6.646965026855469
100.0,97.13475,-2.8652496337890625
98.2732,98.55836,-0.28515625
100.0,100.75145,-0.7514495849609375
99.431526,95.882034,-3.5494918823242188
100.0,96.873024,-3.1269760131835938
100.0,98.082275,-1.917724609375
94.8442,91.998665,-2.8455352783203125
99.804214,97.78419,-2.0200271606445312
100.0,92.56375,-7.436248779296875
100.0,99.06276,-0.9372406005859375
100.0,100.29967,-0.2996673583984375
100.0,98.40993,-1.5900726318359375
100.0,101.19356,-1.1935577392578125
100.0,98.94888,-1.051116943359375
100.0,99.110725,-0.8892745971679688
98.771904,98.723724,-0.04817962646484375
98.34167,97.42738,-0.9142837524414062
95.842865,94.58419,-1.2586746215820312
92.895164,91.62272,-1.2724456787109375
97.37519,99.38284,-2.0076522827148438
95.91989,95.40346,-0.5164337158203125
98.3936,95.916794,-2.476806640625
100.0,96.99309,-3.0069122314453125
100.0,100.70198,-0.7019805908203125
100.0,96.9554,-3.0446014404296875
100.0,99.819305,-0.180694580078125
100.0,101.672165,-1.6721649169921875
95.31551,94.1636,-1.15191650390625
100.0,97.28044,-2.7195587158203125
100.0,96.05924,-3.9407577514648438
95.13834,95.2661,-0.12775421142578125
93.32906,97.99518,-4.666114807128906
94.791466,94.58186,-0.20960235595703125
100.0,97.3374,-2.66259765625
100.0,98.66626,-1.333740234375
96.629814,94.18116,-2.4486541748046875
100.0,105.99916,-5.9991607666015625
92.69676,92.74628,-0.0495147705078125
100.0,104.906715,-4.906715393066406
100.0,101.73121,-1.7312088012695312
100.0,102.002304,-2.0023040771484375
92.27999,88.79474,-3.4852523803710938
100.0,97.28333,-2.7166671752929688
92.23134,90.41206,-1.81927490234375
99.485794,98.40534,-1.0804519653320312
100.0,102.58946,-2.5894622802734375
100.0,100.3747,-0.37470245361328125
100.0,100.41211,-0.412109375
96.9951,95.24938,-1.7457199096679688
100.0,102.253494,-2.2534942626953125
